,CM_M_CM_M_01_BackBottom,CM_M_CM_M_02_BackBottom,CR_M_CR_M_01_BackBottom,CR_M_CR_M_02_BackBottom,H_M_H_M_01_BackBottom,H_M_H_M_02_BackBottom
300,0.505883010069,0.514843535843,0.817903161239,1.33547605397,0.663408167873,0.584872213624
301,0.510378005444,0.540054044683,0.805562505798,1.32239289768,0.657346301656,0.580069951056
302,0.528017203765,0.573342400271,0.793407830813,1.31073021759,0.655183304456,0.570973674418
303,0.539080400429,0.591570668962,0.781037610724,1.29486673494,0.651451158581,0.567369251632
304,0.543182177323,0.607310389633,0.771507502417,1.27128133901,0.646960631104,0.559297316432
305,0.542858981987,0.60786823449,0.759596023955,1.26108183327,0.64058767574,0.557354976979
306,0.55960546329,0.633923121895,0.753529548384,1.25085833967,0.63187639851,0.550259540055
307,0.564804003,0.671538022969,0.743512007488,1.2308451548,0.630660024138,0.545422127578
308,0.599645583587,0.686853359432,0.74025796252,1.21379838202,0.627332483213,0.537983811738
309,0.611741321137,0.709923059025,0.733253100095,1.20202350492,0.623969410892,0.536366775999
310,0.630854735659,0.735638683594,0.727650807144,1.18455793473,0.624918246565,0.533248116638
311,0.658396713312,0.760472811281,0.721990102695,1.16489551941,0.621893665542,0.531428876733
312,0.677396818186,0.796988428819,0.715665435393,1.1473628442,0.61710999185,0.526076625846
313,0.698768169469,0.837132867668,0.70937321855,1.12981560459,0.619453652167,0.523106841344
314,0.719748676673,0.845428373734,0.697095218831,1.11697184051,0.616179454997,0.518729610394
315,0.737958132701,0.879907624135,0.691510246375,1.11187070896,0.613886638577,0.514291276055
316,0.749534744676,0.899926294981,0.68887745932,1.09047544192,0.606122063992,0.510049761266
317,0.776579691841,0.922287844899,0.680808095133,1.07705843954,0.606808381381,0.50442219652
318,0.783427022082,0.941431177296,0.667396922482,1.06745674773,0.60917604828,0.504295545501
319,0.820807481945,0.963805890222,0.666499319998,1.049503266,0.60550499891,0.502177823088
320,0.850432561494,0.985111905165,0.654661017183,1.03135063192,0.603338551662,0.503962204742
321,0.886009148425,1.01344980266,0.650219575299,1.01717118398,0.602045743888,0.499128419009
322,0.92023856545,1.04810689399,0.643943521113,0.999466302447,0.603665184216,0.496813533805
323,0.959010733584,1.06802590246,0.639155909974,0.989390917149,0.6097871252,0.493458788864
324,0.997771887391,1.11746870085,0.632625308178,0.977617251119,0.609663089483,0.490332483091
325,1.02005066238,1.14447476346,0.623890913257,0.968136124677,0.607138178782,0.484833507228
326,1.05480536353,1.1756831202,0.619373339779,0.96279526959,0.607568786442,0.480780619807
327,1.0983634191,1.18535408611,0.618799145133,0.957518269993,0.607922249173,0.479844756646
328,1.12661457665,1.20402497488,0.609730639479,0.935825480262,0.607151237265,0.477892365194
329,1.14694967934,1.21473769592,0.602823714371,0.934528891212,0.603844684989,0.471792871065
330,1.16759354268,1.2247084994,0.597175403344,0.920864415041,0.605041174195,0.469647575811
331,1.18267041879,1.24268062429,0.591903765962,0.919008170709,0.606578339382,0.467359375316
332,1.20695093644,1.25546514904,0.58382639094,0.904494014028,0.609838574325,0.464787862511
333,1.21137418201,1.27294270116,0.581648312781,0.89490712047,0.607676344025,0.46486772544
334,1.23402298066,1.28017801543,0.571139233042,0.884887562582,0.614215922724,0.46228398162
335,1.26568841675,1.29840831876,0.564523786612,0.877601604389,0.609076175828,0.457654643533
336,1.29418745106,1.31506107601,0.557086238031,0.864819039765,0.606884623939,0.45560082315
337,1.29821623917,1.34880542412,0.548296939655,0.85626671332,0.609740641384,0.451211766019
338,1.31801515577,1.37432760574,0.539980664074,0.843342460644,0.607476190742,0.447358837184
339,1.35246983022,1.39572451105,0.534053450781,0.829715829985,0.608366054104,0.446161229384
340,1.3651403413,1.41413461018,0.52654852426,0.821840286655,0.606722380774,0.445623430824
341,1.36986916649,1.44316157001,0.517004324947,0.81476724982,0.608258271299,0.445735094157
342,1.40009868154,1.46600631672,0.512486681197,0.806466536353,0.610942218499,0.444925007381
343,1.4262655604,1.47453707628,0.502436414574,0.795891453714,0.614171517029,0.445031746367
344,1.44324307264,1.51006901857,0.49418261776,0.798707713492,0.615562356489,0.444050858676
345,1.45940774627,1.52321944205,0.485425068707,0.783231354186,0.619777703165,0.446231970081
346,1.49401712932,1.55000924784,0.480262888256,0.776613107164,0.621152086032,0.44002293818
347,1.50905737744,1.56771661126,0.480482649759,0.766205796901,0.619095258334,0.438900941096
348,1.52581628276,1.60423667897,0.470179826172,0.756547415805,0.620256785081,0.439837076058
349,1.5510463016,1.6291929982,0.462783192352,0.751183340441,0.619444351747,0.443812995431
350,1.58326727838,1.64843505017,0.458331091751,0.744770161976,0.62346548747,0.442953341168
351,1.61151249325,1.66152348465,0.452441613442,0.72821806538,0.629066968255,0.446990597317
352,1.63383415863,1.68972682515,0.449326233741,0.715929916637,0.63101492807,0.44901622329
353,1.65664150573,1.71953852734,0.44413724105,0.717646959432,0.638371993548,0.451887762764
354,1.6828528254,1.73567333529,0.437042014951,0.712813838423,0.645313597391,0.453630912182
355,1.70567104755,1.75793737142,0.431793896201,0.706494954106,0.650007176179,0.454985683406
356,1.73373152108,1.77925862554,0.42465679205,0.698663090759,0.651865366599,0.458322451672
357,1.7575810574,1.79446288544,0.423904404591,0.690578069742,0.656198723813,0.461993185433
358,1.76859141064,1.80961336887,0.422458674822,0.68502559282,0.662004710781,0.465919777524
359,1.79338396761,1.8183909759,0.420675937649,0.684936438232,0.665008373117,0.46839100448
360,1.81758012642,1.83822165259,0.415941104179,0.67555462367,0.671763707627,0.473661380979
361,1.82897980777,1.86564977042,0.413111401597,0.669260330621,0.677565419172,0.478898217089
362,1.8484066483,1.88714887676,0.407701079591,0.671193754594,0.685168100375,0.484319723031
363,1.87064674978,1.91616315438,0.405608216411,0.662970365738,0.69225546273,0.487664759543
364,1.87857600613,1.93434632761,0.406754641228,0.662091647031,0.699597273451,0.492804165936
365,1.90328919978,1.95599072248,0.403048511297,0.661168749729,0.707194626402,0.497748345635
366,1.92892179128,1.97490165004,0.402962586416,0.66190144544,0.714478999566,0.503666461999
367,1.94846144188,1.99381878698,0.399696172157,0.663902772187,0.724944738066,0.512131810968
368,1.9728005385,2.0209610107,0.406186499374,0.671783113839,0.744219952718,0.522949123406
369,1.99689010195,2.04016202467,0.412676824887,0.676617752768,0.758221482432,0.534302811525
370,2.03007944842,2.06556573412,0.419081944593,0.684960454347,0.77363643251,0.543985639286
371,2.06222481316,2.08952633393,0.426868906755,0.692994114862,0.786987644906,0.552506253073
372,2.08802242862,2.10865637058,0.437083574252,0.694907741706,0.797976620057,0.560693182442
373,2.12001998746,2.13192095419,0.440158217478,0.700416794826,0.809472068112,0.570412932357
374,2.14057264926,2.15590667964,0.442411394918,0.716632391831,0.824084347613,0.579944031444
375,2.16902907262,2.16559329622,0.448325315837,0.72653487667,0.839828108487,0.58981628862
376,2.18776413923,2.19052724162,0.451954537379,0.72730772863,0.854407355134,0.601027677457
377,2.21347397097,2.21098933895,0.458911735194,0.737923898109,0.866670505783,0.618756728188
378,2.23882773979,2.22042347798,0.464392401401,0.74217546538,0.881549163864,0.628573821542
379,2.26038981979,2.23406837437,0.470229029858,0.752028713461,0.896584649544,0.639331656617
380,2.27651280098,2.24322793506,0.476541285522,0.760596014918,0.908887143408,0.653339737419
381,2.29364745395,2.26128495072,0.480270972568,0.766774115271,0.921637911853,0.666065602453
382,2.31138611599,2.26860183186,0.483281406017,0.771480008087,0.933807595576,0.677842920776
383,2.33163475222,2.27550643196,0.489097268928,0.775929262029,0.944474979535,0.686219094838
384,2.34292907013,2.2945716111,0.49404994535,0.780373948118,0.955392126688,0.695291382737
385,2.36934409318,2.30758711713,0.498768741609,0.783700324307,0.967577681685,0.706152292405
386,2.38531264561,2.31159868552,0.503696239761,0.788049904396,0.983290986228,0.718330876864
387,2.39898459021,2.33307002634,0.509312763124,0.7979528298,0.995606108348,0.729299154359
388,2.4146613224,2.35381022795,0.513697694373,0.805224710232,1.00912485252,0.740032016899
389,2.42687104133,2.37175860333,0.518925646302,0.812441473877,1.01799538473,0.754736128441
390,2.44361486067,2.37844724518,0.526568543643,0.818814067014,1.03080181127,0.769900566164
391,2.45523999196,2.39365894954,0.528575834656,0.823072516627,1.04172697282,0.780948703339
392,2.47370060603,2.40659876528,0.530471375136,0.827755802467,1.05172602953,0.789854947138
393,2.48259865784,2.41233915601,0.537413325184,0.829993127595,1.06186190138,0.80241429022
394,2.49948639729,2.42737199028,0.542785475896,0.832631139639,1.07382553458,0.813706221022
395,2.5215282606,2.43497553716,0.548801129737,0.833498545096,1.08430513123,0.825088693677
396,2.54521175752,2.45149994485,0.556003501766,0.83583522438,1.09518236742,0.838201101664
397,2.55583526903,2.46421143912,0.562956661085,0.840034882485,1.10778477964,0.850372515691
398,2.56731720705,2.47626724119,0.569250638592,0.849492949682,1.1189619713,0.860864215534
399,2.58444000601,2.48514563268,0.572079592051,0.855442157497,1.12736807529,0.870388216789
400,2.60730719182,2.50194085724,0.573515144519,0.858061207738,1.13603805145,0.881689982986
401,2.62260374949,2.51048810755,0.580021391366,0.864051775067,1.14131275883,0.891493710401
402,2.64816864867,2.52060804131,0.581721904541,0.871681735706,1.14496970983,0.900863867423
403,2.66865092223,2.54354794678,0.588203869748,0.87680303921,1.15078524572,0.911828044215
404,2.69345701169,2.5537949174,0.589900752503,0.88055955022,1.15845619981,0.921594543301
405,2.71575781214,2.56746555648,0.594564873571,0.883962902427,1.16881475373,0.926496067904
406,2.73159974791,2.58069416208,0.600155775157,0.887411131097,1.17649051405,0.935428978867
407,2.74931963095,2.59822798727,0.606997456729,0.889987208044,1.17996416941,0.945837857064
408,2.77644894558,2.61274801638,0.612622564037,0.893026674306,1.18566016434,0.956165370573
409,2.80441457177,2.63414747887,0.618291519198,0.895638105409,1.19808956335,0.965459911787
410,2.83499501238,2.65648388679,0.625529768585,0.89739656974,1.20674723762,0.972124212146
411,2.85998318628,2.66569122824,0.628268249239,0.898316503192,1.21319082351,0.981549583519
412,2.88313964157,2.67748313832,0.631101110782,0.896111685832,1.21969784328,0.988259183858
413,2.91346195153,2.69571692289,0.635498153703,0.899915783599,1.21993963758,0.994761485888
414,2.94381646668,2.71470353177,0.640449692625,0.8987602656,1.22609018506,1.00166512781
415,2.97503764792,2.72882176049,0.643595937208,0.897240998486,1.23067715261,1.00774927718
416,2.9978601194,2.73956505136,0.649189315073,0.901000903645,1.23588694113,1.01552172907
417,3.01582283529,2.75211668802,0.651551603371,0.90766675701,1.24432233724,1.02224490077
418,3.04283021486,2.76017866353,0.65217142585,0.912084759155,1.24870176055,1.02910537143
419,3.06687792096,2.77388429697,0.658330092961,0.914170879769,1.25294234718,1.03858054499
420,3.11119819328,2.78806001282,0.659944263022,0.915397773765,1.26007481322,1.0451304947
421,3.14684166082,2.80953079057,0.663534481796,0.915657568945,1.26663798921,1.05260913456
422,3.1653760282,2.84727422461,0.667054911531,0.914201684502,1.2717395323,1.05987300901
423,3.18987308276,2.8713149569,0.671487310723,0.91555640188,1.27541219524,1.06212494306
424,3.22677766102,2.89386757404,0.676076564381,0.918718428517,1.28237476872,1.06550340984
425,3.24855210893,2.92352637059,0.678723246711,0.92051726693,1.28397986144,1.0695246383
426,3.29742060265,2.95077107831,0.681380695103,0.919546599427,1.28587438181,1.0739741419
427,3.34921820619,2.97995467087,0.68540476275,0.918540998966,1.28608054422,1.08011598256
428,3.39477084542,3.00293146661,0.687654745929,0.918858682995,1.28603016483,1.08465823228
429,3.45221159032,3.0251694822,0.69128764141,0.920684036928,1.28809229785,1.08958581538
430,3.492211232,3.04260023593,0.694478601601,0.919981686783,1.29333834436,1.09496701414
431,3.53360588035,3.07521354355,0.695647017822,0.920750160434,1.29620924147,1.10175209083
432,3.56834160011,3.11035041661,0.697477016105,0.922504573284,1.30193038982,1.10471649016
433,3.60844592986,3.14288071805,0.698985264873,0.924022377639,1.3049756744,1.10878582594
434,3.63890103587,3.17694102642,0.701008071257,0.924182506394,1.3106733777,1.11171679511
435,3.69662806983,3.1978591051,0.701574378777,0.923346675712,1.31686865193,1.1152711198
436,3.75277449336,3.23613153768,0.70213033099,0.924574657069,1.32321387576,1.11589386821
437,3.83507078812,3.25474973437,0.701422147889,0.925962333397,1.32728374745,1.12022545274
438,3.88763390913,3.29777306283,0.702441880087,0.926192434833,1.33037344611,1.12103188452
439,3.93416843094,3.32611150893,0.705937241282,0.924612603975,1.33461915041,1.12668868182
440,3.97743868088,3.35948953606,0.707483396153,0.925778013258,1.33996380387,1.13369490047
441,4.01168114438,3.38279363015,0.710225479316,0.928878918702,1.34347557814,1.14030301218
442,4.0572239426,3.40892860552,0.711135045338,0.931543856005,1.34611505151,1.14783196801
443,4.09641412315,3.45307745798,0.711908250344,0.933336346007,1.35013727026,1.15119639811
444,4.14581599235,3.48401458925,0.712309118048,0.933312524522,1.35371478462,1.15489551802
445,4.19676096406,3.51963284648,0.714783881526,0.936297569132,1.35922283192,1.16032214648
446,4.24447978936,3.56425616163,0.718055094367,0.935687237682,1.36375234467,1.16503349891
447,4.27877393872,3.61239195219,0.716903613681,0.935478754061,1.37064939917,1.16715673581
448,4.32308543364,3.66040933144,0.721411079222,0.937934662195,1.37691628289,1.16976550104
449,4.38930714621,3.70221125792,0.724428314542,0.940147715474,1.3825447425,1.17422519298
450,4.44665282626,3.75137374279,0.726473108883,0.941584905359,1.38899424397,1.17693388499
451,4.50162706436,3.81229457804,0.728088108857,0.944403233651,1.39378860632,1.18082463705
452,4.55624971667,3.86924922263,0.730305357715,0.948490073873,1.39834869878,1.18545404817
453,4.61931281989,3.91188088144,0.732677815641,0.948842877545,1.40374094008,1.18878827396
454,4.67787063118,3.97171393015,0.734874395903,0.95367119719,1.41100151434,1.18750895642
455,4.72051374939,4.00436273622,0.735742398442,0.955327185883,1.41703548116,1.192935752
456,4.76667095648,4.05516386415,0.737195380648,0.957577542916,1.42132855371,1.20039405155
457,4.85085207508,4.11564095384,0.739728655073,0.960411108144,1.42509096665,1.20580198838
458,4.92418733587,4.18541067716,0.74203395441,0.963624434162,1.43042009341,1.21571009035
459,5.00439182209,4.23524839763,0.744780102238,0.965668406082,1.43901391785,1.22659124819
460,5.06712873198,4.29279362689,0.746925009281,0.9695963826,1.44484139126,1.22765082386
461,5.11428987848,4.35816903825,0.750563852338,0.971973850302,1.45258183009,1.22710735478
462,5.17175504129,4.40855149919,0.752207605274,0.976111047044,1.45863595765,1.23071123576
463,5.2234055425,4.44882082113,0.753417981864,0.978726290054,1.46517986951,1.24072711209
464,5.28553257296,4.49765029953,0.753391467538,0.981169356744,1.472718254,1.25057775683
465,5.37228425046,4.56034567035,0.752646194733,0.984873841036,1.48047158871,1.25659451416
466,5.44639540647,4.61694272038,0.755685613286,0.984782451896,1.48920585387,1.2608814206
467,5.51543208527,4.66977289202,0.75835632192,0.990780730851,1.49814726653,1.26660270174
468,5.5835379574,4.72547711174,0.760960112616,0.997186923382,1.50658791786,1.27528877454
469,5.64923759837,4.79121832196,0.76293866838,1.00309521239,1.51510575089,1.28908774944
470,5.70798726836,4.88168603845,0.767293090549,1.00865475486,1.52213299172,1.29523840207
471,5.78198427146,4.92952109088,0.770388524297,1.00932668255,1.53106316788,1.31014890256
472,5.84548017633,4.97556250731,0.77481150974,1.01358917696,1.53770155183,1.31618440419
473,5.94219681389,5.02565235245,0.777543394555,1.02043042211,1.5462528614,1.32814224016
474,6.00146780949,5.08762837272,0.780077451143,1.02595851664,1.55868386691,1.33708330835
475,6.08299404935,5.18138942819,0.78325508212,1.03117524529,1.56319481064,1.34539163645
476,6.12817360319,5.23901416794,0.78617201036,1.03747505603,1.57119842102,1.35344726584
477,6.18137001461,5.33650100061,0.790819660092,1.04362833042,1.58158848848,1.36111842453
478,6.23403169921,5.40010415216,0.79636997508,1.04924074552,1.59803623914,1.37239282467
479,6.29847111904,5.47655176417,0.802457658883,1.05477036746,1.60460817226,1.38238280322
480,6.34803293214,5.55621410922,0.808279821282,1.06068949657,1.61825222403,1.38912248105
481,6.41361226795,5.61051397547,0.814383906616,1.0658248234,1.62956680595,1.39708370758
482,6.49694336458,5.69386271498,0.820126021987,1.0695553325,1.64518392453,1.40977485973
483,6.59166416876,5.77310350565,0.82633746205,1.07675505546,1.65858420415,1.41818945147
484,6.66529115849,5.84972494566,0.833046804893,1.08425407532,1.67473210356,1.4296628764
485,6.7491542655,5.9302502353,0.838709659877,1.09031598208,1.68883887849,1.43876975226
486,6.85301916554,6.00114436025,0.843355758292,1.09470883705,1.70100924309,1.45413966432
487,6.97529914444,6.06351256734,0.845364007411,1.10134846477,1.71867920297,1.46405386009
488,7.05605164647,6.15175730907,0.849349445968,1.10890987091,1.73410218664,1.47531714492
489,7.11741543101,6.26939482688,0.854413336273,1.11739712092,1.74768477438,1.48797434172
490,7.16166447703,6.34671651232,0.860327143113,1.12589165597,1.76152205507,1.50420736632
491,7.25649374698,6.46397238944,0.864819329922,1.13432950992,1.77879909867,1.5177473125
492,7.32615458692,6.58916733074,0.871254075019,1.13992494688,1.79534812337,1.5326076988
493,7.43452235467,6.69360972023,0.879167484228,1.14761477219,1.81693871653,1.54709909068
494,7.50218551576,6.80977582455,0.883597015742,1.15405962885,1.83674302067,1.56701578675
495,7.56150946094,6.91762328775,0.890132641827,1.16407515228,1.8536227678,1.58364920846
496,7.62599777005,6.97861923913,0.895548492938,1.17141141491,1.87540727624,1.59904623138
497,7.73592969034,7.05212618033,0.904396674151,1.17958344046,1.89606436469,1.61110615626
498,7.82949111536,7.17467784736,0.910982041691,1.18620227544,1.91581742983,1.62701980029
499,7.88365589202,7.27097201775,0.918452370627,1.18761370713,1.93769248206,1.64744200302
500,7.95872566446,7.37894362251,0.925750782509,1.19804466219,1.95459234413,1.6702576916
501,8.03050256596,7.49129199252,0.933942837715,1.21034770491,1.97518485543,1.68784318714
502,8.12107807852,7.61573695869,0.939721057362,1.22300484777,1.99684209824,1.70509884209
503,8.18124812319,7.74952266967,0.945522986774,1.23225046353,2.00991231443,1.72793813394
504,8.2291600824,7.83583796846,0.953377116909,1.24251947642,2.02757271486,1.75763957906
505,8.31063688766,7.91987715814,0.960881142195,1.25172743953,2.05371986686,1.77147379579
506,8.41381255762,8.0371797842,0.966929792359,1.26011907595,2.08099772153,1.79028669608
507,8.49165450398,8.16591099773,0.976082236976,1.2709608983,2.1117118028,1.80927495324
508,8.54855694211,8.28057678931,0.986041417408,1.27877400337,2.14194996163,1.82821478672
509,8.61742702009,8.3545933199,0.993993005412,1.28995379504,2.16355018645,1.85484209498
510,8.69026411198,8.45860523562,1.00003945611,1.29729859205,2.18960230672,1.8797140935
511,8.76428111139,8.52346336522,1.01059713335,1.30330347875,2.21097648571,1.91312730624
512,8.87469775044,8.60802278921,1.01924336673,1.31516704807,2.24257414099,1.93404848799
513,8.98156325072,8.66997974894,1.0290220401,1.32605310513,2.26794945696,1.9627866199
514,9.05671712986,8.74726632202,1.03881070174,1.33748152392,2.29111856407,1.98962743798
515,9.13876027946,8.87912869667,1.04923525979,1.34766876064,2.33022296605,2.01511830624
516,9.22976915598,9.01721764021,1.05733988137,1.36515195388,2.36028027612,2.03093544182
517,9.34368813729,9.08674709996,1.06096744671,1.37831528066,2.40254882306,2.06655499601
518,9.44086185389,9.14681534912,1.06642745067,1.3913392304,2.43255219169,2.10412511582
519,9.52865437099,9.27812683585,1.07852768902,1.40037585422,2.46609585201,2.13234627956
520,9.61651318324,9.35815084602,1.0839066271,1.41128336161,2.4956562912,2.16274321432
521,9.69394673798,9.45161176564,1.09440788272,1.41903111434,2.52905897414,2.18402548619
522,9.80143739593,9.52225264849,1.10355444446,1.42674582632,2.56677800001,2.21041339145
523,9.86335355426,9.63022370309,1.11258609914,1.43402263061,2.61233413014,2.25131419385
524,9.93968822718,9.75438875988,1.12289596128,1.4445537335,2.65456555234,2.28233185652
525,10.0439539668,9.82830819858,1.13422723607,1.45549372706,2.682343092,2.31474920665
526,10.1659892526,9.91433617891,1.14225449364,1.46917568556,2.7100377023,2.35132079163
527,10.2793351629,9.98862077502,1.14895849117,1.48582728123,2.7454935983,2.38400936068
528,10.3895384563,10.096123804,1.15487055588,1.49974228172,2.79244650069,2.42147539137
529,10.4684471849,10.2267943164,1.16364589893,1.51385162244,2.82956804706,2.45234937806
530,10.5537521146,10.3434055438,1.1730145273,1.52777427333,2.88375601274,2.5065596736
531,10.6073102338,10.4937609229,1.18370181444,1.54161120381,2.93517689174,2.54024314203
532,10.7190829027,10.5799262719,1.19125678152,1.5555082751,2.99232173754,2.57756382071
533,10.8161275003,10.6939962309,1.19946552571,1.56989563454,3.04043832536,2.61909210309
534,10.9014978278,10.804377807,1.21115917644,1.58586521965,3.09271520711,2.67808833714
535,10.9859673549,10.9120409759,1.2246790937,1.60382808463,3.14648384324,2.71068197165
536,11.0858776817,11.0145032587,1.23284760774,1.62164143679,3.2024974846,2.75227903279
537,11.1841155639,11.0993075928,1.2425746018,1.63766586667,3.25347955135,2.799341528
538,11.2775748766,11.2083075058,1.26088552783,1.65163877902,3.31606197534,2.83750551601
539,11.3875343572,11.2977322027,1.2716821027,1.6706544413,3.3824278658,2.88572486422
540,11.4985874397,11.3700589807,1.28261012714,1.68878644917,3.44006630523,2.93494840332
541,11.6090663156,11.4584698665,1.29690355016,1.70731382546,3.50087919859,2.9945151729
542,11.6998089292,11.5738176077,1.3115035606,1.72739270326,3.56615188594,3.04056785795
543,11.7899290849,11.6649081993,1.3272560072,1.74848612898,3.62790428736,3.09592922137
544,11.8742613628,11.7546939107,1.34038156581,1.7706007035,3.68328424574,3.14480933702
545,11.9674535069,11.8811042027,1.35037375023,1.79321914525,3.73932471368,3.20603511189
546,12.0534712711,11.9718051851,1.36555628755,1.82068606902,3.80724105042,3.26153051064
547,12.1347219255,12.0929946936,1.38337097256,1.84270543851,3.85990074819,3.30155372264
548,12.2324373983,12.2288485523,1.39890463119,1.86291693851,3.93194445329,3.38641000158
549,12.3206452764,12.3437889394,1.41322335299,1.87594358542,4.00832216362,3.46613960722
550,12.417993999,12.4367186516,1.43714337897,1.90213929748,4.09965138396,3.52878821443
551,12.5110172518,12.5430585594,1.45381360966,1.93028780036,4.18121503865,3.5670763655
552,12.5943880983,12.6247727578,1.47095950217,1.96313812452,4.26066680595,3.63443516569
553,12.6820499848,12.6853760442,1.4810563991,1.9903743132,4.31241070568,3.71688944661
554,12.7689835543,12.7789436185,1.4995406996,2.01924296732,4.37171579309,3.79870129359
555,12.8536062591,12.8545390167,1.5172421036,2.051566191,4.45784847211,3.86301069183
556,12.9457011943,12.9206433497,1.53459586957,2.080416797,4.55622142103,3.91489037068
557,13.030942734,13.0063124699,1.55821191952,2.11653252503,4.64070956216,4.01857837669
558,13.1152389123,13.067601575,1.58485646269,2.15011289082,4.71066269763,4.09594579978
559,13.2062859147,13.1765655759,1.6065921824,2.19036596596,4.82028107885,4.21254838598
560,13.2949536338,13.2743767604,1.63385968005,2.22630975536,4.91115655473,4.30300522901
561,13.3880341106,13.3630814193,1.66057374733,2.25934381829,5.0005892444,4.40619881011
562,13.4910657735,13.4436717088,1.69199564371,2.30076608717,5.09769752535,4.48479482302
563,13.5930085615,13.5423906639,1.71978680676,2.33053616831,5.20893168228,4.55057179925
564,13.6626692333,13.6195531896,1.74994100256,2.36810087436,5.32134057605,4.66748687116
565,13.7477657859,13.6812635658,1.78753033873,2.41613419199,5.40557609207,4.75566053399
566,13.8304314601,13.7485381842,1.82823183419,2.46537838166,5.52174125243,4.89434290413
567,13.9107404755,13.8059123705,1.86922234351,2.54819564616,5.63292897179,4.99600824295
568,14.0040333309,13.8931921139,1.91504215655,2.59586178894,5.7482508602,5.11812784008
569,14.1036832716,13.9951327919,1.96674983116,2.64398493802,5.87551398968,5.21417829372
570,14.2088612304,14.1002464825,2.02274314831,2.69687794569,5.99095158005,5.35375299032
571,14.2923324234,14.2055455884,2.07380731246,2.7755421305,6.1161800088,5.45106151709
572,14.3629057004,14.3108709954,2.12991064501,2.84872702379,6.25087334573,5.55808413552
573,14.4579303919,14.4139431094,2.18637116702,2.92002959452,6.39370486178,5.68657591775
574,14.5496645601,14.5184881325,2.26417725069,2.97871924123,6.51675579023,5.85231186152
575,14.646168051,14.6301722557,2.34673693359,3.06416794714,6.66087720698,5.94127335143
576,14.7143034139,14.7402372612,2.41377849636,3.14822505601,6.79164517038,6.04815126919
577,14.8054199685,14.8439263087,2.47782361983,3.21911634696,6.93556622353,6.14277250423
578,14.8952667663,14.9480374437,2.56461214176,3.30691389975,7.08447678974,6.25901332155
579,14.9680849579,15.0222089331,2.65793620531,3.41111244528,7.25255816616,6.39064599235
580,15.041237758,15.0708035542,2.7517796657,3.47601202169,7.39894195555,6.54523984051
581,15.1141291933,15.1206394361,2.84429095635,3.57663922557,7.561085782,6.67365245314
582,15.2038748867,15.1660001899,2.95105379289,3.68586830564,7.69348375415,6.81371293953
583,15.2693992709,15.2105250608,3.04762446168,3.81954961801,7.85682468379,6.96248744532
584,15.306586579,15.2620269919,3.14042715473,3.94588783585,7.99121359138,7.1119485553
585,15.3425581483,15.3879102443,3.24964629237,4.09727484541,8.13048429558,7.25833259081
586,15.3930710304,15.5125680993,3.3382662432,4.22234617106,8.27287451936,7.49323574962
587,15.4754550761,15.6362752516,3.45050690531,4.33195374679,8.40498755078,7.63841909573
588,15.5895936528,15.7591350448,3.55924813665,4.47910957372,8.52620364049,7.80647450263
589,15.7017239618,15.8782109308,3.71456686228,4.56825089932,8.67501420794,7.94508748579
590,15.8105269694,15.9114532064,3.83060854756,4.72286965924,8.83489354277,8.09242196535
591,15.8686812907,15.9299146381,3.96163626396,4.89575242712,9.00443725661,8.22528318357
592,15.9249049821,16.0133362173,4.10009967085,5.0525675736,9.17296980753,8.39360657377
593,15.9957998488,16.1094176566,4.23193721421,5.22035823389,9.35710765866,8.56874553005
594,16.0806109521,16.1735651556,4.35930794164,5.40826633451,9.52665315274,8.77874101974
595,16.1640732155,16.2687088418,4.49255309467,5.60952505488,9.67860764972,8.91052805372
596,16.2477825745,16.3761353905,4.66133237444,5.73293891695,9.85205916829,9.06567871646
597,16.333227633,16.4651874547,4.83357963391,5.94779058528,10.0059045849,9.28335542377
598,16.3970921229,16.556497241,4.96371621117,6.13653221099,10.1529853181,9.4541709642
599,16.4657842199,16.6504575449,5.14665862465,6.3393836219,10.2924521603,9.6351116348
600,16.5355095513,16.6996353901,5.32650606145,6.52532515437,10.4234750872,9.83817406268
601,16.5894549417,16.7203054193,5.49819448755,6.72337789852,10.603001662,9.99232205505
602,16.6385029762,16.8173708944,5.67884805428,6.93328478956,10.8140668164,10.2265575417
603,16.6878742986,16.9483896112,5.88388759407,7.15703025738,10.9877666373,10.3412171392
604,16.7280281936,17.0598520949,6.07832661141,7.38417467752,11.1531048381,10.4875548494
605,16.7917729849,17.1587544004,6.23168749105,7.60281168727,11.2895075312,10.6349885915
606,16.8639242127,17.2383279266,6.40327041409,7.83239575104,11.4231563986,10.8156996324
607,16.9518469649,17.3196691705,6.59074234415,8.06353902387,11.5752643129,11.0336264599
608,17.0400621652,17.3963166185,6.78532856503,8.32217217221,11.7335604049,11.1826596053
609,17.1189096484,17.4709031528,7.02053648695,8.56458146602,11.9202253358,11.3653993654
610,17.1868614012,17.5608280185,7.22765397759,8.82169727042,12.0538795768,11.5482676865
611,17.229985801,17.6592843278,7.44884775373,9.07241888614,12.2051940381,11.7463139394
612,17.28475108,17.693925497,7.66742613166,9.28081058008,12.3768123566,11.9387841844
613,17.3666354035,17.7785797523,7.87248531765,9.57628223545,12.5772755249,12.1296581225
614,17.4460062607,17.8809256567,8.09638260051,9.81331885208,12.7428398612,12.3073643673
615,17.5284315845,17.9677441127,8.30459295716,10.071624685,12.9034208264,12.4938500689
616,17.6110019619,18.0506221326,8.56476115415,10.2928404799,13.0736463235,12.7038442548
617,17.6844854238,18.1401702878,8.81922499545,10.5476088879,13.2228026002,12.892560748
618,17.7503662026,18.2097364872,9.06048091874,10.7982213018,13.3818949334,13.0558588836
619,17.8071237495,18.3008640068,9.32372530752,11.109115274,13.5333296315,13.2204995812
620,17.8602493088,18.3755616229,9.54345461659,11.3230074844,13.7001284285,13.4231883602
621,17.9115741248,18.4501562041,9.78746755889,11.5855440999,13.8763112652,13.572098773
622,17.9826629842,18.5277463594,10.0318083868,11.8403880647,14.0548468939,13.7221906996
623,18.0502815068,18.6074612581,10.2703468495,12.1055477529,14.2000097623,13.9354870855
624,18.1173682191,18.6824861271,10.5107788256,12.3710527217,14.367376374,14.1312357419
625,18.1845033368,18.7811119034,10.7238690171,12.6129843731,14.5257676067,14.291392135
626,18.2514870546,18.8490806903,10.953584373,12.8795072305,14.6654811765,14.4539129013
627,18.3051487107,18.9308086623,11.1529253683,13.2195288593,14.8397347498,14.6391352796
628,18.3471297183,18.9966581998,11.413106495,13.4124167524,15.0041397031,14.7851729022
629,18.400206116,19.0776932504,11.6452165449,13.7106423474,15.1544237103,14.9703644031
630,18.4421477435,19.1425171156,11.9168025455,13.9256786673,15.3265537454,15.1489005169
631,18.486880747,19.1746379462,12.1691146667,14.1486767555,15.4918974533,15.3978931244
632,18.5470481776,19.2367030259,12.4031536005,14.3482630512,15.6572721437,15.5167675007
633,18.6146068298,19.3248714412,12.6241578827,14.5591033478,15.8153019393,15.6885261666
634,18.6556572947,19.3919071762,12.788181606,14.7947462806,15.9555512869,15.9524186847
635,18.674792744,19.4397757279,13.0029818568,15.0162452052,16.1192548295,16.0390550902
636,18.7313320886,19.4719500097,13.2446694933,15.2754236361,16.2941829797,16.1726907055
637,18.78861571,19.5205961655,13.4992062611,15.5575701425,16.4430338958,16.3653050117
638,18.8415334445,19.5717488303,13.7225888847,15.8155735228,16.5788532071,16.5732106292
639,18.9009712076,19.617614141,13.9289659462,15.9948875504,16.7149863004,16.7241758876
640,18.9661491751,19.659755618,14.1280457007,16.1753692079,16.8893224526,16.8982737599
641,19.0380546626,19.6979619378,14.3495209044,16.4117033397,17.0484188684,17.0734671275
642,19.1090149652,19.746405345,14.5770952881,16.6519456393,17.2172917255,17.2526966248
643,19.1794465167,19.8292190979,14.8137725895,16.836267755,17.3800033739,17.435636121
644,19.2491176399,19.9090811781,15.0196384247,17.0555879323,17.5373436767,17.5800029453
645,19.3186551357,19.9983446587,15.2303963446,17.3169141672,17.6635271107,17.783653942
646,19.3810981236,20.0959258427,15.431402255,17.4963963537,17.7835401458,17.9842792626
647,19.4560246678,20.157072896,15.6450350577,17.7142515378,17.9095646549,18.1225295328
648,19.50081094,20.2285689096,15.8537412228,17.9239125311,18.0699342262,18.2571542826
649,19.5354684874,20.3105818053,16.0725143866,18.1313154716,18.2119266484,18.4546718481
650,19.5895494361,20.3900830611,16.2718412379,18.3637747672,18.3796617245,18.6002715433
651,19.6449598651,20.4219557574,16.4612900656,18.5750830929,18.5419196382,18.7518417506
652,19.7242812167,20.5105101442,16.6514860157,18.7361936862,18.6837970928,18.881370491
653,19.7811715472,20.6065408832,16.8588497134,18.9112595277,18.8272537977,19.0528887509
654,19.8365633737,20.6663013782,17.0278616202,19.1032086361,18.9537475094,19.2277572389
655,19.9013195102,20.678130688,17.220803353,19.2872406341,19.0875239717,19.3726731524
656,19.9660453253,20.7273654058,17.4040454555,19.4318004765,19.2127614437,19.4969604992
657,20.0396780388,20.8279230588,17.5921028404,19.5756613522,19.3418704371,19.626132628
658,20.1132332952,20.9333243389,17.7915705366,19.7393896784,19.4943601542,19.755248146
659,20.1811209923,21.0433305212,17.9798272886,19.9160299978,19.6522412192,19.9294492552
660,20.2335949217,21.1042904174,18.1670750473,20.0825187506,19.8027453674,20.1057537058
661,20.2725726821,21.146649375,18.3545318771,20.2482972398,19.9549619754,20.2568430305
662,20.31007129,21.1862800398,18.511541608,20.4386343391,20.1014538747,20.4686916807
663,20.3477558509,21.2240373672,18.6927127506,20.6236939271,20.2426036645,20.547875675
664,20.3866851452,21.2617344871,18.8737618329,20.7835890109,20.3685879759,20.7240987618
665,20.4243390504,21.298204017,19.0480686092,20.9574468181,20.485014767,20.8419488125
666,20.4556011317,21.3305668267,19.235817057,21.1207455798,20.5966184263,20.9849457702
667,20.4867806199,21.3687004636,19.4150967055,21.237852707,20.7349005055,21.0656824306
668,20.5217605616,21.4111740078,19.5725041496,21.3835001466,20.8796031954,21.2207644088
669,20.5583151917,21.4779676358,19.73070599,21.5396042632,21.0163180326,21.3668334969
670,20.5964415125,21.5475949219,19.9097062428,21.7021100445,21.151481442,21.500658991
671,20.6383581047,21.6258702464,20.0885295421,21.8872176337,21.2506185193,21.6333467567
672,20.7052101144,21.7125972801,20.2433766091,22.0723317519,21.3529279315,21.7835308757
673,20.7714492556,21.7622821049,20.4192111572,22.2242132552,21.5006810427,21.9138015139
674,20.8381749624,21.869049244,20.602443634,22.3693349016,21.6481401138,22.051911028
675,20.8959646911,21.9546823755,20.7988634268,22.5082001272,21.7848076733,22.1446815754
676,20.9422884038,21.9972600973,20.9914063045,22.7000427961,21.9021831243,22.3131142373
677,20.9881513632,22.0370624122,21.1592517331,22.8853318995,22.0497700921,22.439050435
678,21.0406981403,22.072883567,21.3232607849,23.0360708516,22.195095201,22.5515609847
679,21.1054676679,22.1382970133,21.5031255845,23.1785655677,22.3186813194,22.7075900744
680,21.1707454914,22.2042085627,21.6547384644,23.3481835528,22.4580866986,22.8439791651
681,21.2347153268,22.2342247576,21.7994329069,23.4977085137,22.6072231784,22.9819199317
682,21.2796259741,22.2861128546,21.9469089937,23.6766153103,22.7478818706,23.1316093788
683,21.3253444537,22.342937844,22.1035461988,23.9058236001,22.8817006104,23.2717815347
684,21.3720692354,22.4198272908,22.258756201,24.071906487,22.9770214897,23.4017583722
685,21.4183305026,22.4808402094,22.4376777914,24.1824925203,23.0669966524,23.5167821597
686,21.4571630384,22.5483983635,22.6018531333,24.3417555932,23.1984562155,23.6388832688
687,21.4914646852,22.6173207372,22.768325434,24.5056148771,23.3086497936,23.786536123
688,21.5242629581,22.6912102866,22.9449698721,24.6506718493,23.4230089878,23.920740673
689,21.5854769391,22.742602989,23.0660360638,24.7953456577,23.5183799197,24.0607314498
690,21.6573297854,22.8160489251,23.2252559328,24.970411049,23.6004775336,24.1914876082
691,21.7240223217,22.8897166748,23.3665523392,25.1318861076,23.6697505009,24.331433601
692,21.7876366341,22.9487155854,23.5129020972,25.301958561,23.78133567,24.4671400053
693,21.8489861379,23.0340309825,23.6196983383,25.4955366274,23.9021475755,24.5772030779
694,21.8813101352,23.1058215429,23.7830847104,25.6854383202,23.9973993646,24.6864488726
695,21.9119270117,23.1403915325,23.9522888917,25.8738397069,24.0986231769,24.8034610133
696,21.9410063236,23.212394706,24.1258119726,26.0475501753,24.2042398866,24.9333371976
697,21.9899888506,23.2509496099,24.3036820417,26.1926289873,24.3163690506,25.1009700189
698,22.0646505727,23.2856941168,24.4772214822,26.3993648254,24.4356466591,25.2579062596
699,22.1332265619,23.3231022148,24.6516154108,26.6022416553,24.567338224,25.3990012991
700,22.199774192,23.3879750443,24.8419670166,26.7751013242,24.6900708032,25.5427191478
