,CM_M_CM_M_01_Whole,CM_M_CM_M_02_Whole,CR_M_CR_M_01_Whole,CR_M_CR_M_02_Whole,H_M_H_M_01_Whole,H_M_H_M_02_Whole
300,0.362592682016,0.362597337282,0.825551447741,1.19537832532,0.524017579828,0.520618348759
301,0.360365731608,0.362801034887,0.820871785382,1.18852689766,0.516063077045,0.512677503023
302,0.35543934184,0.359391093745,0.81002580287,1.1910905209,0.514755515335,0.514123231438
303,0.350773969203,0.360172487494,0.810683223023,1.16703770273,0.51548776325,0.508798558574
304,0.353415963712,0.368305846859,0.818877564362,1.17001132646,0.50852710565,0.507185338569
305,0.347055022967,0.373042234822,0.81146153134,1.16115505249,0.502997422318,0.504279895982
306,0.344653467047,0.371988591292,0.813781796413,1.15106940879,0.50446466962,0.501008494486
307,0.341813441476,0.370821339709,0.812407784642,1.14297181085,0.498709661913,0.50171847497
308,0.342525787212,0.367448386083,0.80765189111,1.15049477958,0.494616523106,0.497571790332
309,0.341003277203,0.370360555183,0.801561956085,1.13421162776,0.497592039697,0.494781264291
310,0.337626289205,0.374353484965,0.79721551514,1.12974592909,0.496033397669,0.491777644164
311,0.337109675243,0.373571575571,0.78575327075,1.1183017234,0.494569779441,0.488766647842
312,0.337543792819,0.372744739807,0.775828736262,1.10558661926,0.49295790842,0.485980431855
313,0.336845427484,0.373671748065,0.767914888754,1.10055006034,0.496720711342,0.483819885898
314,0.338013353575,0.381840819557,0.762701192877,1.0961626347,0.495822782154,0.485315972282
315,0.34305563171,0.388999651511,0.752708376162,1.07274200299,0.493896245931,0.48116512824
316,0.346518233805,0.395706117522,0.746817790945,1.05122414929,0.491715161688,0.4795195013
317,0.350221854168,0.40316808543,0.746054572284,1.03627089746,0.489950667775,0.47885858335
318,0.357939723475,0.412551265543,0.740838392745,1.02624374165,0.486515675093,0.477540456591
319,0.362855952618,0.424725375407,0.740886444731,1.0108161135,0.491248231813,0.479313521873
320,0.371289136092,0.431210014197,0.740184083425,1.00229550991,0.490955774265,0.476426420321
321,0.377559409801,0.441554779419,0.730975695688,1.00096241021,0.491828774124,0.473939456801
322,0.385834780469,0.449283212378,0.729147233245,0.990778104883,0.489569856712,0.47151911374
323,0.391943202054,0.453269891695,0.728408652091,0.974169666184,0.488763551618,0.472424730344
324,0.400637104621,0.467185808714,0.726569230896,0.967238124743,0.485156299144,0.472101451975
325,0.403196012776,0.472338999043,0.72263381525,0.964175629858,0.486627995379,0.472835608025
326,0.413895220395,0.491916528187,0.719141918995,0.9752492649,0.488515395557,0.473688666633
327,0.422353320637,0.505512512241,0.716307933726,0.97729670121,0.481644291955,0.471681367297
328,0.430499074901,0.516055687694,0.718281223419,0.983699180387,0.481751781429,0.468644365988
329,0.435894606238,0.521429776677,0.717780421145,0.986716862523,0.480479274123,0.472595325474
330,0.443509480063,0.522290770355,0.709056767353,0.991473416632,0.474821862146,0.472190751482
331,0.455400925149,0.540247386036,0.710520747288,0.982914410136,0.47246471894,0.470361967077
332,0.4689678566,0.552729243357,0.703306645704,1.00670385142,0.46963753866,0.474550485433
333,0.483746353429,0.56426421995,0.698666313326,1.0052918044,0.465169769377,0.477268952057
334,0.495769767285,0.578090247417,0.692501490819,1.01876297721,0.465998380525,0.485887548674
335,0.50577047134,0.589686516722,0.679989781992,1.02493769571,0.461492534251,0.48531278344
336,0.511408488367,0.594089475498,0.678652992218,1.03061007571,0.459828179494,0.490013957848
337,0.516852800156,0.606424135709,0.668759258877,1.01437872484,0.458552993193,0.49326976267
338,0.526863881961,0.628259952546,0.666165337373,1.01583137756,0.45495611019,0.490712768235
339,0.528393217708,0.647059000945,0.662079535223,1.00982375006,0.451851792791,0.494762521852
340,0.532090782365,0.660006521935,0.65426734325,1.00093804812,0.447623232501,0.49286323772
341,0.533777518315,0.665380304585,0.645804925775,0.989852565573,0.438479869396,0.496630163512
342,0.539094881954,0.683248607888,0.639906151272,0.991442982802,0.437274221323,0.501321314596
343,0.546556446797,0.693714780343,0.631521229212,0.994037971733,0.437837324908,0.499294020987
344,0.548237432805,0.709779609603,0.62091997759,1.00260155922,0.433715433991,0.498926974412
345,0.558202844812,0.718646156091,0.617231294634,0.986818452894,0.433322537077,0.506535827166
346,0.560664652422,0.72985716133,0.607964677628,0.9848461873,0.43216967292,0.505756389327
347,0.569588996472,0.734921660678,0.606684884708,0.971728131908,0.427245924463,0.509605984799
348,0.572004355967,0.734742341755,0.604255160417,0.965858059989,0.42442762157,0.513239519148
349,0.583108656292,0.741435428001,0.588616038072,0.951889345484,0.423998396677,0.517257186835
350,0.59238156722,0.749972424706,0.578062463754,0.950082823897,0.429259028149,0.519564439316
351,0.598577317539,0.753125136252,0.572439454,0.942903734528,0.435148458931,0.522182362746
352,0.602314541853,0.759852072673,0.571819056123,0.943641632702,0.436216509003,0.524957875587
353,0.611326833766,0.770161822883,0.563044422268,0.938833395107,0.437130156208,0.524699816428
354,0.618563674503,0.778890006094,0.554643151038,0.930029625619,0.438898084277,0.526832849481
355,0.626574790034,0.786683194191,0.554916114874,0.92482468863,0.440248550603,0.534632615395
356,0.634935151091,0.805484258448,0.547289979874,0.92979835897,0.440249971649,0.537742635018
357,0.634024553086,0.823186167039,0.541755196224,0.925555023041,0.441569110687,0.54448885311
358,0.643980038203,0.837255001641,0.535384964662,0.93732619915,0.436531905391,0.552362408442
359,0.654607400055,0.847021203852,0.530452262108,0.947767380567,0.44270075629,0.560714063572
360,0.664707646734,0.843861416214,0.531544079042,0.95049944988,0.449080424376,0.566138582864
361,0.676511893931,0.854502356747,0.525148939465,0.955081255539,0.454475573238,0.573130146559
362,0.686341427578,0.870263220813,0.52723466185,0.947916637241,0.457108053902,0.581722565029
363,0.690927463102,0.873788320865,0.529648564431,0.962283311989,0.46114084859,0.592089072442
364,0.698866509629,0.877926467414,0.530207209261,0.972463015312,0.460103630927,0.600734617774
365,0.704963236061,0.889034556861,0.52991747654,0.972766068502,0.460746123651,0.607517095801
366,0.711036882211,0.898627519411,0.536228953327,0.977544918077,0.468149119502,0.611234166545
367,0.714659064841,0.913385646923,0.543479297489,0.986923891914,0.474617591151,0.618567443339
368,0.73902410119,0.926924046615,0.549597924716,1.00548385294,0.475704928447,0.631608695413
369,0.75415453563,0.939965328278,0.55799498993,1.02476197392,0.483793943059,0.648909831173
370,0.767814231402,0.951274741625,0.564555940882,1.04135062913,0.490457441495,0.662826092524
371,0.774573312752,0.967480840975,0.570461619614,1.05520956703,0.498664370737,0.673516270784
372,0.787613446857,0.990260716991,0.58000354404,1.06167234512,0.506351953267,0.682548670998
373,0.806602966379,1.0016539349,0.584593474735,1.07967175259,0.511705065179,0.692831987825
374,0.819345778041,1.01970950203,0.589704803361,1.08714650259,0.523643609579,0.703238941208
375,0.829630171219,1.04172522517,0.600992372328,1.09237492518,0.535372930627,0.71119722345
376,0.837560462241,1.05578947023,0.607546479251,1.09397637421,0.54249344107,0.720236135419
377,0.851118670121,1.06723124526,0.609956623706,1.10361560336,0.550362678966,0.736323642707
378,0.865276361843,1.07889998812,0.624867028677,1.10914373422,0.556150792381,0.746718162869
379,0.881006339576,1.09689353033,0.630210367252,1.12189023069,0.565913337306,0.755101437334
380,0.895016592862,1.11138870697,0.646039297153,1.13444853368,0.574687729059,0.768701689348
381,0.913582717145,1.12989401229,0.657400507329,1.13725063873,0.582397841417,0.784569087314
382,0.929812427685,1.13963770154,0.67075073198,1.15012351432,0.593090571659,0.796104037494
383,0.942503410486,1.16020583991,0.677895682294,1.15787726615,0.602023754353,0.806307224294
384,0.954123465036,1.16753199176,0.687618438614,1.1694511672,0.610354264187,0.81941504938
385,0.968660731211,1.17838732167,0.691999640037,1.18644541944,0.620948313357,0.82966945352
386,0.979213150336,1.18802238415,0.701035050424,1.19871879687,0.629230181535,0.844243817586
387,0.986541135423,1.1970370761,0.704590872645,1.2083592791,0.63879040369,0.857624701405
388,0.995431739534,1.20677393693,0.708759579614,1.21726482529,0.655374281361,0.869289548263
389,1.00275214205,1.21566636549,0.714585607507,1.22421553049,0.671100611475,0.879479185975
390,1.01641971982,1.22620527025,0.722460976556,1.23331722339,0.67835986592,0.891250468566
391,1.03570603705,1.23627941298,0.73003107324,1.23591905663,0.687076643776,0.903210932254
392,1.04442099515,1.24547165011,0.737407565472,1.24055921974,0.70137063047,0.912044437388
393,1.05542977181,1.25490846671,0.739232921651,1.25276238345,0.716708490046,0.923544918264
394,1.06710461411,1.26354073353,0.747894476841,1.2641314019,0.725096911581,0.935226545023
395,1.0894048313,1.26963008654,0.759602982559,1.27315103079,0.733843637326,0.947838126525
396,1.10219616142,1.27699407349,0.764289756596,1.2787834181,0.732788781237,0.958944644085
397,1.11276177831,1.28850242911,0.768290847781,1.28287092374,0.746231284301,0.96850650142
398,1.12308998477,1.29316231366,0.779135028126,1.28450831171,0.758458791776,0.979274573909
399,1.13173377797,1.30292261397,0.7882077207,1.28695689887,0.76079882149,0.985979477924
400,1.14219567384,1.31275638512,0.795237893093,1.2988763234,0.761766680401,0.996652297229
401,1.14813652923,1.32922575242,0.797931116489,1.30875376072,0.770338426604,1.00590889937
402,1.15176840451,1.33964312679,0.804752303115,1.31765931678,0.780955227291,1.01602423448
403,1.16795937446,1.34353493335,0.807938026918,1.32534027945,0.793401987063,1.02596615957
404,1.17963377825,1.35900042943,0.812036307283,1.33070513015,0.806170696297,1.03480715244
405,1.18696693856,1.37100477575,0.819441518264,1.33337546831,0.816759198887,1.0460604928
406,1.1947414359,1.38037186991,0.826559877887,1.34119624172,0.82674595817,1.05563548926
407,1.20152245584,1.3872206871,0.831261814305,1.34386840478,0.836759626327,1.0669936275
408,1.2071297963,1.39640421038,0.833885000726,1.34441485777,0.846742684015,1.07791648472
409,1.21270457972,1.40500238271,0.838681203784,1.34487265754,0.853655186498,1.0894438677
410,1.21578191745,1.41112971621,0.846742382794,1.35178306771,0.858817677068,1.09912435489
411,1.2203622443,1.41628912664,0.847387081626,1.3513691973,0.86325008586,1.10816937786
412,1.23022259177,1.42620360824,0.848777975812,1.34739464386,0.863512876821,1.11118458557
413,1.23833547901,1.43875253876,0.857300125231,1.34772754251,0.872742204401,1.11354963695
414,1.24626419236,1.44387925199,0.864297082253,1.34666146339,0.879947393683,1.11749455443
415,1.25198659638,1.44954647087,0.869967260791,1.35317724723,0.885376207468,1.12012696074
416,1.26480283041,1.45893551726,0.871975175038,1.35816247239,0.888965414821,1.12261086733
417,1.27556267165,1.46612802581,0.87466748857,1.35918806514,0.894464959241,1.12541128426
418,1.28053175032,1.47031087535,0.878845899097,1.36202702696,0.898346686538,1.12975104901
419,1.28455167598,1.48458783654,0.883837330954,1.35682717282,0.901895992387,1.13481045486
420,1.29077835637,1.48756905988,0.884515554814,1.3597365642,0.907998044965,1.13913199886
421,1.29733113209,1.49345732622,0.885263465513,1.36332375808,0.913596787946,1.14208956963
422,1.30020258126,1.49645390926,0.887491579966,1.36481527198,0.915725689881,1.14717512954
423,1.29896519339,1.50072940773,0.889717782467,1.36309525509,0.916735782956,1.15323363366
424,1.30117353049,1.50325331201,0.893639830087,1.36030051461,0.920412311,1.16251684271
425,1.30433771877,1.50724432632,0.896458081075,1.36134490578,0.927489386872,1.16851875518
426,1.30437163877,1.50949189683,0.898344826576,1.36469261045,0.928448639106,1.17338710316
427,1.30554555777,1.51056651337,0.897050258375,1.37002225156,0.930832489094,1.17786753333
428,1.30993604542,1.50958344757,0.901190866113,1.37446116467,0.934065674272,1.18038238015
429,1.31439200053,1.51359760318,0.905858403293,1.37400140571,0.938007492961,1.18526046644
430,1.31235728499,1.51403715567,0.904561286535,1.37355089541,0.946058293811,1.18775961576
431,1.30925678831,1.51804447151,0.903153799424,1.37603081098,0.95402873558,1.19228935865
432,1.31056272952,1.51716413456,0.903250257373,1.37850216039,0.952140196937,1.19405619967
433,1.31039381798,1.52430359305,0.902236786562,1.3766786733,0.949099336845,1.19936474739
434,1.3090305927,1.5294328532,0.900636328422,1.37554944265,0.952223575475,1.20112896234
435,1.30575512137,1.53228492472,0.904390626663,1.37643156649,0.957101906861,1.2055722292
436,1.31049000621,1.53462412658,0.90919335949,1.37800076093,0.963211543226,1.20584691844
437,1.31020680168,1.53688769603,0.913634143108,1.3808609006,0.970687152832,1.2066643927
438,1.30908689311,1.5452034146,0.914685297367,1.38284786069,0.973202702355,1.20749155858
439,1.30412928744,1.55460065903,0.915606846286,1.38414557493,0.975930719143,1.21164527413
440,1.29918591386,1.55961737447,0.916728849928,1.38738261026,0.981021693334,1.2117644325
441,1.30107517319,1.56346544414,0.917600871503,1.3925109612,0.983457227863,1.2132551825
442,1.30224640104,1.56550277574,0.919111374346,1.39463954206,0.986540283457,1.21270594302
443,1.30676575855,1.573037904,0.920404964997,1.39619327427,0.989530405062,1.2131061686
444,1.31315006185,1.57762413331,0.922176470243,1.40219953105,0.994390468028,1.21447284065
445,1.30515075226,1.58233245369,0.925221090053,1.4019475196,0.998247410937,1.21938651289
446,1.31464300072,1.58394318877,0.926589561734,1.40332056134,1.00117819151,1.21876715677
447,1.31052587395,1.58215789956,0.928576552774,1.40613951736,1.00156950269,1.21347386153
448,1.31222025752,1.58480547392,0.930771687317,1.40620223955,1.00413423274,1.20874817817
449,1.31346866843,1.58392665517,0.933082945568,1.40890583222,1.00540849599,1.20731086139
450,1.31191072202,1.58624622143,0.935552393393,1.41359003823,1.01127132041,1.20873525751
451,1.31395216956,1.59029955863,0.935672300629,1.41637086622,1.01376113436,1.20712261589
452,1.31272388054,1.58512583592,0.937444945792,1.42021814099,1.01504630069,1.20789382264
453,1.30878503388,1.58783655521,0.938549024033,1.42591359673,1.01799966039,1.21012987869
454,1.3078277784,1.58707107011,0.939917031689,1.43344150662,1.02410510942,1.21142609739
455,1.30994638097,1.58777015152,0.945107283105,1.43976235448,1.02540580981,1.21355246137
456,1.31476291883,1.59206383739,0.948878642373,1.44593284653,1.02686764631,1.21259932215
457,1.30707221851,1.59328869237,0.949697035686,1.45078559677,1.02911378985,1.21822887522
458,1.29779409454,1.59907544935,0.951744886894,1.45810586729,1.03637839776,1.21418783954
459,1.30115937012,1.60906659358,0.956377321569,1.46674960757,1.04415565218,1.21633192931
460,1.30520594081,1.61566664613,0.959213429188,1.47492373884,1.04622057714,1.21725672675
461,1.30346967141,1.61962998054,0.964300462419,1.48193263095,1.05051340717,1.21864480378
462,1.2993114629,1.62118006743,0.96852306045,1.48849827013,1.05070378249,1.22421602115
463,1.30478052199,1.62444025968,0.973284802919,1.49269179138,1.05744419779,1.22574526118
464,1.31136006352,1.62731420862,0.977584708609,1.4958323349,1.06185242567,1.22539980598
465,1.31319634268,1.61933567459,0.981469819809,1.50049817054,1.06691192825,1.21975438374
466,1.31478096169,1.61353262522,0.985105143108,1.5047969419,1.07293075856,1.22245694047
467,1.31514375082,1.61714448623,0.988611401334,1.51126624658,1.07851043848,1.22847373398
468,1.31847784395,1.617609372,0.992435647363,1.51778720992,1.08360282061,1.23097736372
469,1.32508151645,1.62093257495,0.996356400591,1.5343336186,1.08530494264,1.23674903669
470,1.33789656517,1.62812576557,1.0000005868,1.53264714497,1.08817866355,1.23979605
471,1.3466193298,1.62729780454,1.00396103365,1.53523704927,1.09127903388,1.24112554231
472,1.34020516167,1.63087575166,1.00906869919,1.54190897388,1.095541492,1.24544792488
473,1.34453459339,1.62638271518,1.01363505656,1.54913367688,1.10627490785,1.25069125823
474,1.34588076132,1.63007157013,1.01702881457,1.55723509835,1.10667934849,1.25571495788
475,1.34984874076,1.62866919723,1.02139834903,1.56317147538,1.11730741872,1.26133768772
476,1.35709841903,1.62599409567,1.02730659831,1.57735173395,1.12570308965,1.27169178556
477,1.3630141924,1.62649173061,1.0324095878,1.58970472688,1.12803640218,1.27953782841
478,1.36813018387,1.62677654201,1.0390111286,1.59490047643,1.1319593654,1.28783609225
479,1.38275342768,1.63212389597,1.04693009967,1.58885806889,1.13507241666,1.29617750586
480,1.39099395182,1.63817911472,1.05412523473,1.59884908273,1.13989486444,1.30121728148
481,1.40088958052,1.65052601969,1.06020365598,1.60872281394,1.14638296142,1.31174297045
482,1.40749803546,1.66186741641,1.06557078069,1.61899734476,1.15331530924,1.31997053315
483,1.41717241528,1.67593281416,1.06984780036,1.63390186227,1.16289222788,1.32723833939
484,1.42653319762,1.6923912498,1.08271251014,1.64680160954,1.17142161887,1.33056302173
485,1.4391623679,1.70304871843,1.08995336557,1.65666650881,1.18143274381,1.33576914924
486,1.45061576324,1.71419022024,1.09743853697,1.66733793315,1.19152774272,1.34269333593
487,1.45818709011,1.73328442722,1.10458593343,1.6756356072,1.200300191,1.35138012585
488,1.46900857678,1.75768923327,1.10793425233,1.68604884328,1.20952107701,1.36264513938
489,1.47736613067,1.78395882656,1.11226155198,1.69725645175,1.22432220787,1.37158228305
490,1.50166614205,1.80535520141,1.11857749451,1.70771794932,1.23790842581,1.38005006032
491,1.52594994925,1.82082169292,1.12633682697,1.71763100541,1.24802896018,1.39020293668
492,1.5407149898,1.83886979881,1.13705321282,1.72679350556,1.25620547386,1.39828160972
493,1.55492674636,1.8644649473,1.14305077857,1.73644617485,1.26731928844,1.40741555088
494,1.58090012042,1.88924432858,1.15077635433,1.74970080145,1.27344902966,1.41682594212
495,1.61005944963,1.92642922946,1.15872582739,1.75970251712,1.27921385574,1.4370634081
496,1.64203791693,1.95980271238,1.16661459638,1.76288431582,1.28861858236,1.45237772845
497,1.67141433148,2.01457987961,1.17673039539,1.77756493519,1.30112050129,1.47510944809
498,1.68756305111,2.03344145784,1.1883143049,1.78696513382,1.31549017834,1.48708186159
499,1.72618155259,2.06924077487,1.19028568954,1.79311605411,1.32793638738,1.50931290597
500,1.74881201982,2.09478672895,1.19370918305,1.80295882331,1.33869690417,1.54134757728
501,1.79962333174,2.12192717579,1.2010658327,1.8116814193,1.35121937273,1.55397620023
502,1.83369448498,2.15853256028,1.2112869898,1.82675711154,1.35982970404,1.57796603246
503,1.87807127249,2.1832641873,1.22051572083,1.84441979608,1.37503338619,1.58878193855
504,1.9024973578,2.24189350853,1.22995259452,1.86210979209,1.38994938035,1.6045802929
505,1.95181492683,2.26958193752,1.24005323739,1.87572223935,1.40863736763,1.62352980263
506,1.99186587166,2.29262668162,1.25008106573,1.8943744612,1.41935299296,1.6513813036
507,2.02501530495,2.33122979156,1.26171706505,1.91744487007,1.43431106125,1.67334812443
508,2.04573618062,2.36364186428,1.27499796215,1.94274291274,1.4558932825,1.69793852197
509,2.07973897009,2.38913533236,1.28780832652,1.9692584281,1.48756187254,1.71883420378
510,2.10986137584,2.42561371923,1.29316118845,1.99666138979,1.49736783059,1.73762548243
511,2.14532702276,2.45672804703,1.30392521433,2.02104931451,1.50391287227,1.75699828906
512,2.17337235673,2.4879356758,1.31532326134,2.03441964492,1.52726659971,1.77704207387
513,2.20036920572,2.52352563193,1.33005242632,2.04445101455,1.55625176919,1.79841745807
514,2.2278083196,2.53960532603,1.33477953738,2.05510161592,1.58108565982,1.8199750949
515,2.26123304159,2.56635187076,1.34385381403,2.07987549456,1.60183012503,1.84744610055
516,2.30138258935,2.58405394443,1.35234830426,2.09803983829,1.6222714336,1.87968514051
517,2.32337746434,2.62139735323,1.36133439359,2.12376736057,1.65031785964,1.90885531268
518,2.35133064478,2.66149207191,1.37733687931,2.14865893657,1.67746998321,1.95330277915
519,2.38470386576,2.68403489789,1.3871612688,2.17176504149,1.69890848611,1.99236461396
520,2.40693657291,2.71023899072,1.39899439495,2.19865392341,1.722361853,2.02335189358
521,2.42636985169,2.74415747305,1.40918046137,2.22470854991,1.74375913918,2.04478485424
522,2.46888497866,2.77377283918,1.42557945788,2.25723830542,1.76389252067,2.07134877673
523,2.49571604218,2.81037431137,1.43676401932,2.28584355424,1.78277268443,2.09479568758
524,2.51153256728,2.82644204103,1.45264485004,2.32479722896,1.81206711449,2.13102616421
525,2.53296037963,2.84870127946,1.4661529876,2.34365116474,1.85190345633,2.17103913872
526,2.55372461151,2.90166720453,1.47873951694,2.37335467835,1.88373125842,2.19680473962
527,2.57145519109,2.94537146281,1.49320365213,2.4032874292,1.90254776048,2.22802751651
528,2.60619453625,2.96482208238,1.50814976771,2.43294355753,1.92110945002,2.25864161214
529,2.62685962291,2.97959938624,1.52176495887,2.45790649537,1.95758698037,2.2927004489
530,2.6683548658,3.01149526461,1.54288241551,2.49469918818,1.98651827351,2.32347986655
531,2.69896615531,3.02028291786,1.56271148992,2.52697221669,2.02748306196,2.37019601755
532,2.73308254867,3.02324624346,1.58179048589,2.55284697315,2.05655448209,2.38952090168
533,2.76385175404,3.03892517797,1.60376725336,2.57528331267,2.090186006,2.43100407689
534,2.78567330508,3.06129709955,1.61925912013,2.59993173351,2.14206538087,2.46671300975
535,2.80189976365,3.0851074122,1.62989840043,2.62764985474,2.1679594955,2.51413690576
536,2.81561476018,3.105399143,1.63748717385,2.65420948024,2.19929901555,2.54912213484
537,2.83202720481,3.12932250915,1.6452759363,2.67996347586,2.23680254686,2.59818257556
538,2.83973452891,3.14755782435,1.66453437958,2.68431859468,2.27892255997,2.64695516849
539,2.85526802892,3.17530918598,1.67895491533,2.7113567991,2.32737016724,2.68021864051
540,2.87593150043,3.19743628384,1.6909982261,2.7602953968,2.37030117236,2.7170744277
541,2.88235507579,3.22389143075,1.70579865918,2.80012897077,2.41606466013,2.76399084309
542,2.87769674758,3.23719547469,1.72813183514,2.84100498228,2.45629714813,2.81189786885
543,2.87148065835,3.23650677484,1.75711868735,2.87932959348,2.50083513457,2.86144782716
544,2.86437961378,3.23061912599,1.78307175529,2.936524682,2.54945861703,2.8948238098
545,2.88060936333,3.23538534571,1.80855443355,2.94832122923,2.60539939938,2.91807048668
546,2.87297892879,3.24580699888,1.84928871501,2.9754601065,2.6475283188,2.95451981973
547,2.88869740669,3.24985960663,1.87812005394,2.9943381676,2.706359445,2.98595958359
548,2.90083693125,3.25546975489,1.88872237837,3.03542188638,2.75257193962,3.04105206827
549,2.92063739189,3.27536094635,1.90209807593,3.06444160675,2.78242276721,3.0814374675
550,2.89434362833,3.27449289107,1.91798586984,3.12011763894,2.82760767726,3.1132640972
551,2.89508022357,3.27946318484,1.94247039891,3.16420525052,2.87762446539,3.14756554202
552,2.8512898541,3.30105256733,1.98094557846,3.21309392159,2.93864955634,3.18154704364
553,2.83836581783,3.29772505175,2.02121866373,3.2685776193,2.99719879324,3.21563965633
554,2.82470125503,3.2860083433,2.05111453025,3.30312307317,3.05522544646,3.24879290116
555,2.80793825012,3.29169530704,2.06407941037,3.34786649389,3.09712968668,3.27178805621
556,2.75630396584,3.31147173455,2.10006585734,3.37877925963,3.1631613633,3.33136792639
557,2.7459439093,3.31401741043,2.16510845892,3.42335368174,3.20797968346,3.37183765416
558,2.74396266673,3.28801666949,2.21351241493,3.47455603044,3.24555504023,3.41624260188
559,2.71972039133,3.27161693251,2.24318582156,3.53803613292,3.29733568528,3.437596824
560,2.68079767662,3.27556731292,2.27419056651,3.57145150732,3.34970886544,3.43328088103
561,2.65514400119,3.27944671714,2.30984557348,3.6052820214,3.40763452264,3.48901657489
562,2.64633084578,3.27802743531,2.35082722211,3.66335592351,3.47641049016,3.5389231805
563,2.64895785034,3.26223581195,2.39167882023,3.73370361049,3.5256493694,3.59151871195
564,2.65253589007,3.267195767,2.45140337354,3.80767767866,3.58835444526,3.63937404201
565,2.65086190529,3.24916048263,2.50105027999,3.86915874525,3.63136646609,3.68252188993
566,2.62725339488,3.25830353838,2.53527812708,3.93933717964,3.69329960837,3.71499776853
567,2.61942247078,3.24099506868,2.60355689468,4.05166292771,3.76549851851,3.77003794976
568,2.61696116815,3.22446288137,2.66853117404,4.07290804158,3.82047871565,3.83397152555
569,2.59617435654,3.1976604092,2.7439299387,4.20876569135,3.89151791324,3.85615376079
570,2.58670621641,3.12389705167,2.75607052895,4.27087721902,3.95742797134,3.87348511373
571,2.52220357914,3.06628045096,2.81065897907,4.35658288927,4.02105002825,3.92607281566
572,2.48336240343,3.02749091395,2.87591552955,4.39996433135,4.11638480537,3.9506436213
573,2.48107607867,2.99827505844,2.94346684309,4.49570905201,4.19637478002,3.97129727802
574,2.47358600747,2.97454252696,3.06833024656,4.52652154481,4.26491621423,4.00648186961
575,2.49085034167,2.93629576468,3.17741896607,4.63232403375,4.3401265678,4.08532297165
576,2.47706670524,2.91466481362,3.26336799764,4.73751362883,4.38373991147,4.17781708481
577,2.46500483418,2.88576235083,3.32374108986,4.84621755909,4.49053075002,4.22305266881
578,2.47687955256,2.88379925988,3.40096108823,4.97042352991,4.58815769064,4.2808317009
579,2.48764846814,2.87128225839,3.44454359824,5.07360547475,4.65842180213,4.33825712423
580,2.49004653082,2.86784855188,3.54006262136,5.18550690367,4.74726107898,4.42322948098
581,2.50424394525,2.82547408773,3.65738052404,5.29788157374,4.86340314668,4.49109064552
582,2.52015354027,2.82524824192,3.73016384724,5.37587782747,4.98573838706,4.54655652057
583,2.53525575609,2.82357742687,3.83350435082,5.47436931049,5.07325753768,4.62577562275
584,2.54952735247,2.81675565631,3.92646618742,5.56648074568,5.15012565178,4.76066751581
585,2.55756876248,2.81236024245,4.03782420178,5.68585038981,5.19628738642,4.86251700937
586,2.57083202136,2.82788331434,4.16966110304,5.8070798545,5.34018855246,4.96636399587
587,2.58677965138,2.82681521241,4.30901919203,5.96356725945,5.45399727079,5.06239265765
588,2.5972069873,2.83058064741,4.49226028227,6.13231254647,5.54969090111,5.14693843577
589,2.61152685202,2.8438140714,4.6359659304,6.25113525983,5.66306470727,5.23660685579
590,2.63851883266,2.86961067586,4.77291818152,6.38202034104,5.74818971465,5.33629498204
591,2.65623344151,2.88094840068,4.8862193304,6.46279235122,5.84384753862,5.41750367345
592,2.67233073978,2.89295796501,5.08710260074,6.65036584377,5.95674297202,5.51642395465
593,2.68960791692,2.90726347234,5.23907219032,6.72746062685,6.0722845024,5.61628337917
594,2.70410866498,2.89842314028,5.40039129299,6.88601603673,6.17964511154,5.78844400108
595,2.72376914859,2.91073154031,5.53695578619,7.04482586271,6.26355222041,5.92068892517
596,2.73647232225,2.91369405559,5.69691522325,7.19898274746,6.34996920877,6.03807241074
597,2.76963374449,2.92905714155,5.86833677915,7.4330137486,6.43104685685,6.19970271013
598,2.78191461392,2.9414875775,6.02272007462,7.5462553656,6.50520004664,6.30520879144
599,2.7994017222,2.95393777568,6.16525664809,7.79841849534,6.61135079009,6.40827996444
600,2.81882081952,2.95659411431,6.33944103945,8.0028916799,6.69377328407,6.46027944862
601,2.83692364743,2.96404454147,6.58434748371,8.19912020464,6.77862991789,6.55942230387
602,2.86629658277,2.9753849487,6.71676486865,8.38038620591,6.91541095716,6.66619181119
603,2.87686119172,2.98845268274,6.89173898069,8.66054979124,6.98821513855,6.82176477411
604,2.88876412237,3.00221485226,7.09405250681,8.83077691325,7.12219212765,6.95304480683
605,2.90197129944,3.01765165636,7.3075447263,9.0705167253,7.20906874737,7.04287491846
606,2.91908734342,3.0397154887,7.51317791882,9.22570193576,7.33770370446,7.16115156131
607,2.93607030969,3.05590931992,7.72904620648,9.35451129314,7.51139219795,7.27616156658
608,2.95928031439,3.06756159721,7.85753990338,9.45081497833,7.69444164837,7.42743720698
609,2.9775268367,3.08054230307,8.04784269614,9.58278537517,7.76516977597,7.53880768231
610,2.99832727849,3.09773043775,8.20470788855,9.79445609509,7.82510945083,7.6677976024
611,3.0184383858,3.11589328575,8.39702911809,10.0029377636,7.98417036743,7.7932985999
612,3.02837419313,3.14305205827,8.62239945806,10.2556000429,8.08822104648,7.90209683422
613,3.04523952092,3.16103244911,8.81495280391,10.4452757434,8.19006177993,8.03289947681
614,3.07502379257,3.17881519482,9.01581607343,10.6845019783,8.31977304451,8.09813577886
615,3.10344348501,3.19611777527,9.20671744934,10.9749404236,8.43945016564,8.22613394669
616,3.12873311508,3.21080198592,9.40045066433,11.1808281822,8.55931396462,8.38421750962
617,3.14671877493,3.22877144982,9.63375242381,11.4372062951,8.71142682669,8.46114803615
618,3.1671535791,3.24788171222,9.80035428968,11.6203731016,8.81095355659,8.64577202097
619,3.18858925107,3.27045231318,9.98555555602,11.746955951,8.92636248021,8.85225502944
620,3.20843098819,3.29239898961,10.196143054,11.9688182069,9.05661680827,9.07349226564
621,3.22752236625,3.31505400377,10.4135637204,12.1677067509,9.12608817933,9.2247339491
622,3.24565249144,3.33769492346,10.6587261886,12.3649230951,9.27737092997,9.38511760257
623,3.26436645219,3.36041765143,10.8453968393,12.6108639801,9.443677974,9.49790598666
624,3.28536288887,3.38399491101,11.0949303726,12.8941242672,9.56168304278,9.62783413971
625,3.30753762271,3.40820438795,11.3593594117,13.1496071857,9.67521139258,9.78243172158
626,3.33075459857,3.44535089591,11.5888663158,13.4148985984,9.77268708061,9.98811216606
627,3.35445859002,3.46710869866,11.8233994537,13.6361803422,9.91917576082,10.1113002363
628,3.36839308573,3.49297094632,11.9917609571,13.8789040362,10.0363791461,10.3030646019
629,3.38867200705,3.51677285219,12.1830875411,14.1123348734,10.1538669563,10.4485147552
630,3.41238958212,3.5376768399,12.3471481373,14.2840231404,10.3073479376,10.578962736
631,3.43360071025,3.5589208897,12.5802526654,14.4206881543,10.4715869824,10.6778752576
632,3.45729760774,3.57738882655,12.751294628,14.682119178,10.6102527316,10.8074713614
633,3.47981510731,3.5971295242,13.0060611742,14.9014363471,10.7288743833,10.9862130426
634,3.50183466392,3.61252015386,13.2459760097,15.1389924684,10.8508379313,11.1353671823
635,3.52537417741,3.63314330216,13.4396893814,15.3676297247,10.9707279735,11.2670597007
636,3.54826347656,3.66010211318,13.649141432,15.4991012406,11.0895874992,11.4086182374
637,3.56756413994,3.68276433238,13.8836476243,15.7141335596,11.1963591965,11.5350659612
638,3.5864733611,3.70627896287,14.0910310377,15.8878065067,11.3247637703,11.6568629185
639,3.60580272204,3.72481247916,14.3424613216,16.0868927003,11.3990515989,11.7625212312
640,3.62858337104,3.74751616921,14.6067998744,16.3671984234,11.4482635828,11.8727899724
641,3.65641509892,3.77324809508,14.8299953559,16.5443685795,11.5921559944,11.9799533001
642,3.67982522118,3.78902253919,15.029140268,16.7430789896,11.653796908,12.0654695335
643,3.70003308047,3.79464743033,15.1649294602,16.9112585554,11.7999939036,12.1829695967
644,3.7205636101,3.81359809118,15.3341057922,17.0502774672,11.8927571763,12.2881340577
645,3.74159926696,3.83964747531,15.4949246231,17.2519473697,11.9817276924,12.382080938
646,3.76058292366,3.86508975343,15.6694642629,17.4098556566,12.0789096121,12.4513386007
647,3.78352770615,3.89454701528,15.8263176142,17.5269833354,12.1393287499,12.5879562372
648,3.80992246672,3.92631534771,16.007831708,17.7600730879,12.2157101521,12.685035263
649,3.83112267841,3.95745855142,16.210713204,18.0202145604,12.3085558752,12.7969884102
650,3.85288108291,3.98849759262,16.3792315808,18.1713909553,12.4483322569,12.9004457425
651,3.88029132239,4.01968207062,16.5063363779,18.4616939621,12.5505539378,12.9801768191
652,3.91216172178,4.04364714389,16.6425524535,18.6429833832,12.6336732382,13.0239053619
653,3.93375098422,4.07006774586,16.8722954276,18.7886491915,12.7335426997,13.1807208458
654,3.9520479366,4.09452532943,17.050258506,18.9427145148,12.8537872545,13.2568462404
655,3.97050072364,4.12020228639,17.1626283879,19.1192056279,12.9549988185,13.3258181367
656,3.99633627164,4.13903239298,17.2968727575,19.3056333755,13.036749769,13.4243693903
657,4.01523654614,4.1602483124,17.4897384187,19.508749326,13.1059460131,13.5311612824
658,4.04404001002,4.18164996788,17.6435557652,19.7164121119,13.1963396556,13.6359555289
659,4.0678643889,4.20185804246,17.7761805916,19.9327881768,13.2835717035,13.7830713932
660,4.0926434492,4.22391968718,17.9137657864,20.1386412415,13.3360278422,13.8697741353
661,4.11916123558,4.24718353189,18.1271362886,20.3118766123,13.4023840419,13.9363412756
662,4.1430429108,4.2703168672,18.3353486998,20.5260331309,13.5235524505,14.0718770885
663,4.1548137617,4.29614479257,18.4943029486,20.622498108,13.6552204751,14.1892133959
664,4.1720277874,4.3270846476,18.6746786789,20.8191315998,13.7565107972,14.3167840014
665,4.19935801678,4.35965724993,18.8607227832,20.9772984435,13.8614346057,14.4075577659
666,4.23070100294,4.38843214313,19.0093369482,21.178965449,13.9220417943,14.5019106205
667,4.25606704659,4.41710094112,19.162636457,21.3788483032,13.9620427731,14.6447059472
668,4.28542919015,4.4399866608,19.3155392528,21.5212760384,14.0529845115,14.7722976653
669,4.31607700703,4.45993874268,19.4656434725,21.7410270838,14.1715588379,14.8950785981
670,4.33399416626,4.48286533242,19.6139474159,21.944355589,14.2542117713,14.9902593097
671,4.35724288869,4.51490236416,19.7768348752,22.1204236145,14.3343814801,15.0617303301
672,4.38554702066,4.53644300999,19.8926791266,22.3197119578,14.4607326547,15.1340270358
673,4.41388273257,4.56296867495,20.0629819047,22.4881482446,14.5686551095,15.2112294826
674,4.44267331181,4.59439046957,20.176295734,22.6438641133,14.6516615869,15.3319538343
675,4.45889089211,4.62253879572,20.3221701642,22.8152223643,14.7339670133,15.4297155177
676,4.49592504584,4.65037259908,20.4650798695,22.9433268392,14.8192440324,15.4944959543
677,4.5341568474,4.68592443614,20.5938158709,23.0923377302,14.9006585454,15.5862519472
678,4.56444637137,4.71371693618,20.7298848114,23.1812582562,14.9654308894,15.6605294443
679,4.6029639346,4.74918839474,20.8976808897,23.3355557091,15.0504954352,15.7268496238
680,4.63470200035,4.78037722979,20.9894490683,23.4927779075,15.1333760274,15.7980863481
681,4.65161762642,4.81085331674,21.1192565016,23.6448438464,15.2142192818,15.8755361358
682,4.67635842347,4.84691732228,21.2302351213,23.8023540728,15.3007294614,15.952087371
683,4.71445542037,4.87935068177,21.3751923906,23.9633778479,15.3894303683,16.0322456278
684,4.7514984661,4.90075769936,21.5463021455,24.1565263076,15.4693603337,16.1143290284
685,4.78110714286,4.93041120421,21.6994003899,24.3139050527,15.5647708018,16.1906868089
686,4.80813065871,4.96262381063,21.8404236222,24.4488247869,15.6742277787,16.2598122875
687,4.83343739227,4.99446414575,21.9534133432,24.6100542943,15.7793270296,16.3309757708
688,4.86091157397,5.02577977706,22.1001725931,24.7657582989,15.8452198991,16.4280151977
689,4.88909511434,5.06034077022,22.222002078,24.9342561536,15.9090270866,16.4993250548
690,4.91886958543,5.09981590703,22.2989448511,25.1078351211,15.9698488304,16.569490529
691,4.95481445121,5.13188953217,22.4273397308,25.2399502887,16.0355236581,16.6591966643
692,4.97883208942,5.15846140666,22.5996405078,25.3656361119,16.1040511511,16.7428536841
693,5.01438580109,5.19082340313,22.7828213271,25.5133252805,16.1698821345,16.8311226416
694,5.0514586679,5.22567581464,22.9415945455,25.6771289941,16.2440639059,16.9109592568
695,5.0846185996,5.25058565045,23.0497554834,25.8290928851,16.3243687615,16.9689845823
696,5.11831107881,5.27894232342,23.2187285803,25.9691458251,16.4052049631,17.0577649798
697,5.15056574981,5.31085062578,23.2788396185,26.1078174587,16.4890300281,17.1472858685
698,5.16916387245,5.34848694179,23.4812569223,26.2843405051,16.589043559,17.2380672786
699,5.18428321619,5.37503851983,23.5773233281,26.4598680104,16.6787950357,17.3304515823
700,5.21782823358,5.40517863842,23.6865440991,26.6405152214,16.7596960214,17.4289033775
