,CM_M_CM_M_01_Breast,CM_M_CM_M_02_Breast,CR_M_CR_M_01_Breast,CR_M_CR_M_02_Breast,H_M_H_M_01_Breast,H_M_H_M_02_Breast
300,0.001,0.001,0.321157347569,0.001,0.001,0.001
301,0.001,0.001,0.32770252104,0.001,0.001,0.001
302,0.001,0.001,0.328236811004,0.001,0.001,0.001
303,0.001,0.001,0.336069968274,0.001,0.001,0.0178255226688
304,0.001,0.001,0.339196296912,0.001,0.0471079018264,0.0607288573331
305,0.019056944833,0.001,0.343675324885,0.001,0.0981433607001,0.100033933402
306,0.051782835333,0.001,0.349013376479,0.001,0.150030481211,0.138344184206
307,0.0893279714464,0.001,0.349846711631,0.001,0.208179254298,0.178583999304
308,0.122346928758,0.0297183920386,0.351660776557,0.0437266013692,0.256192283329,0.221909519692
309,0.147674639993,0.0610157832313,0.353582362231,0.0973428341042,0.304067944179,0.260650394568
310,0.176741163763,0.100362466564,0.353296677627,0.142943236608,0.340836222865,0.297293093361
311,0.207101846641,0.137348591169,0.353595013887,0.188371233177,0.390610912801,0.326905752595
312,0.232302200237,0.168857123041,0.356768681573,0.236551125613,0.438576259393,0.359797775109
313,0.261839219438,0.195903180213,0.365131011697,0.287136747603,0.483601533412,0.394400629457
314,0.283060872873,0.221471271844,0.368496848631,0.335738237714,0.526737223225,0.427989178838
315,0.309870008187,0.247683925546,0.371727543303,0.382023025206,0.57468543432,0.451850270681
316,0.337810852786,0.266806607156,0.376469947775,0.431624303002,0.612146309313,0.483703908156
317,0.363421877775,0.293333150022,0.380392940111,0.479621983785,0.659592598757,0.514910380686
318,0.378520919442,0.315711904361,0.385312286727,0.533055564162,0.713242569956,0.546986894121
319,0.403501890151,0.33292211133,0.385545846591,0.588678764681,0.764833884066,0.582267736611
320,0.427301389619,0.355999924329,0.388887327236,0.63930735939,0.814657118215,0.622096330726
321,0.456388181569,0.383520826999,0.393474327647,0.695631767814,0.871783923659,0.660849141869
322,0.486051409238,0.407164547065,0.398472346013,0.745612421555,0.922960386853,0.705454323078
323,0.511097303418,0.432153282288,0.405083727786,0.797758292182,0.981378611937,0.749837079433
324,0.537957002337,0.458649388594,0.409614513157,0.857239459001,1.02660047387,0.794834635589
325,0.560774184726,0.491132488538,0.415301537846,0.91101463514,1.07643131941,0.837465185793
326,0.590250441531,0.514935454811,0.422965865089,0.959368364137,1.12893096233,0.879396920361
327,0.62549915892,0.547634840617,0.427538749199,1.01902178681,1.19166147251,0.921317224084
328,0.652077632587,0.572032561387,0.437342561874,1.07556325179,1.24369926891,0.96266166228
329,0.679480101708,0.603198565902,0.443216147283,1.12790589361,1.3007735423,1.0059531662
330,0.708842417925,0.633626707132,0.452748582299,1.17936259749,1.35119698874,1.05384214689
331,0.733640678767,0.6632747385,0.460385464361,1.23079452621,1.40340541056,1.09620050767
332,0.765520616123,0.693564368413,0.470786739128,1.28064455835,1.44956912922,1.13624313901
333,0.790375074456,0.725000942718,0.479444617883,1.33121428217,1.49357551142,1.17108708668
334,0.817464545268,0.753316203392,0.486047608469,1.38251651994,1.54026800643,1.20991140474
335,0.84682194684,0.779599009516,0.492805916093,1.42539249804,1.58577786147,1.24713744157
336,0.87375700824,0.804772918061,0.499445476592,1.47218794981,1.628493067,1.28241858676
337,0.899887575939,0.832368618481,0.507466636309,1.51911734624,1.6723196677,1.32334363375
338,0.934460328846,0.858078969953,0.515144703964,1.56293340604,1.71029658987,1.35898512106
339,0.962597830687,0.88391910281,0.527581922116,1.60808835241,1.75321392723,1.40158304525
340,0.990564638875,0.906155939619,0.537703904946,1.65066227497,1.79657844568,1.43687076383
341,1.01584661107,0.929805383791,0.545467078987,1.69303241345,1.84345978676,1.47031320144
342,1.03837501312,0.955824602053,0.556491779838,1.73513191592,1.87312679394,1.5033566102
343,1.06198692651,0.981501379212,0.570168599127,1.78191998519,1.90688099961,1.529159537
344,1.09264534833,1.00505429873,0.578399421771,1.82281221915,1.94347799166,1.55907510204
345,1.12023829754,1.0312474894,0.588884652873,1.8637258973,1.98174220446,1.58848915126
346,1.1472440656,1.05507411508,0.598398103074,1.89540202184,2.01881818534,1.6173881937
347,1.17364784393,1.0790776123,0.607606264983,1.93238368558,2.05231558639,1.64508905385
348,1.19748167473,1.09849352719,0.616670268322,1.97341722053,2.08911557876,1.67302538343
349,1.22370188869,1.11996855003,0.624785916406,2.00706536936,2.1221868619,1.70203486278
350,1.24632073607,1.14332656578,0.630908496362,2.03466802395,2.14851551075,1.73573907668
351,1.26593967889,1.16471508889,0.641476346651,2.06320285568,2.17858005,1.76522543393
352,1.28270905607,1.187460003,0.649684182607,2.09714855298,2.20751147518,1.78925146582
353,1.30506381529,1.21177375166,0.657778981252,2.13115541291,2.23530185105,1.81166004616
354,1.32681577619,1.23464850787,0.668660138005,2.16056631404,2.26210811532,1.83860198316
355,1.34759098969,1.25503495564,0.676430165753,2.18934002823,2.28986075862,1.86522519358
356,1.367054888,1.27496410048,0.685536277193,2.22131645886,2.31281511015,1.88813921613
357,1.3852858193,1.29444699433,0.695409727847,2.24721347586,2.33660590585,1.90773578225
358,1.40266985211,1.3134766795,0.7052354209,2.27107966739,2.35932600348,1.92590086338
359,1.41965093584,1.32947330236,0.715157400735,2.29293729843,2.37777710994,1.94756155096
360,1.43622016363,1.34807167047,0.722872636395,2.31223088439,2.39377768815,1.96846247704
361,1.45238466321,1.36622339552,0.732521901553,2.33334243393,2.41210807034,1.98569084833
362,1.46697446721,1.38393392064,0.740171691066,2.35219882267,2.4286191762,2.00490068286
363,1.48007058909,1.40083820938,0.747754608612,2.37211876747,2.443169235,2.02310097601
364,1.49564190444,1.4136858846,0.755308878187,2.38833308369,2.45842957756,2.0402473178
365,1.51167984123,1.42955351821,0.762845179794,2.40488366476,2.47144003162,2.05451175998
366,1.52810440208,1.44164033086,0.769901694656,2.42461175917,2.48707331612,2.06912321879
367,1.54632878974,1.45278968384,0.780342048227,2.43876736572,2.49677382796,2.0797189762
368,1.56081071979,1.47173144027,0.794180710898,2.44484632104,2.49779832976,2.08725103252
369,1.57430366047,1.48507032455,0.808414604453,2.4574206396,2.50069198522,2.09152581463
370,1.58709080502,1.49940722146,0.818384414235,2.46025517215,2.50160901769,2.1021762465
371,1.59495303711,1.51700498924,0.830290299754,2.46886884069,2.50157075421,2.10645422501
372,1.60031448292,1.52337315134,0.83994682994,2.47708307412,2.50080141344,2.10733214901
373,1.60883346789,1.53096544272,0.853900732922,2.48389018838,2.49866469048,2.1134547083
374,1.62027043223,1.54088186143,0.864997769987,2.48295966827,2.50108387897,2.12272111139
375,1.62493473417,1.55248123765,0.877389533475,2.48743034283,2.50730163608,2.126075393
376,1.63325586023,1.56166751331,0.889143238871,2.48783390787,2.49709871047,2.12938048803
377,1.64214129327,1.57272774559,0.898716811249,2.48738234536,2.49183594731,2.13189137563
378,1.64808366993,1.58298900633,0.908357901387,2.48365593088,2.48482986565,2.13032593157
379,1.65593688723,1.59520801867,0.917445218441,2.48288684747,2.47848700567,2.13118889737
380,1.66376435867,1.60573339145,0.925820497496,2.4798726314,2.47370275231,2.13944379592
381,1.67178977228,1.61516009918,0.933995578787,2.48013779248,2.46894050443,2.13358553116
382,1.67848663889,1.62149233038,0.94161404113,2.47972475741,2.46001413088,2.12908378441
383,1.68894492374,1.62213126547,0.947132465618,2.47643939353,2.445933812,2.12911883014
384,1.69117237988,1.62786524211,0.955927872833,2.47171114745,2.44252912381,2.12989441265
385,1.69548557815,1.62816935474,0.96524955885,2.46631397864,2.44167173599,2.12647786107
386,1.70232707787,1.63726157078,0.975289175824,2.46021630068,2.4332014984,2.12791862198
387,1.70303171235,1.63645866764,0.977312075362,2.45941423093,2.4257468682,2.1300711564
388,1.70836056456,1.64173437757,0.984262086741,2.45587361767,2.41890305205,2.12997907119
389,1.71395207092,1.64637405897,0.99178376033,2.45937139192,2.41425556553,2.12746481056
390,1.72175049553,1.65256080328,1.00080748839,2.45914357801,2.41129371809,2.12635725007
391,1.72657817658,1.65964529931,1.010806899,2.45545263841,2.40884472575,2.12800056259
392,1.72499721958,1.66729687688,1.01465414347,2.45281032301,2.40090558276,2.12932834491
393,1.72676207949,1.67511234086,1.01901591377,2.44736686548,2.39819173954,2.13040280539
394,1.73365177055,1.67720551201,1.02617054961,2.44239796587,2.39096283583,2.13433290073
395,1.73737020295,1.68291045826,1.02958215265,2.43581211805,2.38799294312,2.13461414572
396,1.74331211702,1.68755695387,1.03907678559,2.43334222266,2.38812510454,2.13885794707
397,1.75010018778,1.69156639116,1.04064464811,2.43390457285,2.38820724423,2.142094496
398,1.75310585838,1.69482594987,1.04610893991,2.43440834381,2.38945207701,2.14407153604
399,1.75987231095,1.6972087058,1.04975821785,2.43058779464,2.39356105592,2.14649390699
400,1.7648503484,1.70496516858,1.0532603213,2.42939317134,2.39093187809,2.15395867127
401,1.7697790358,1.71034045435,1.05813750098,2.4240282939,2.39383425542,2.16030436001
402,1.7778012606,1.71769635807,1.06062024743,2.42528983418,2.39184023377,2.16347121847
403,1.78536111983,1.72418845167,1.06491966808,2.42477801599,2.39682946181,2.16826612165
404,1.78851758511,1.73033939328,1.0698568083,2.4197770962,2.39485416172,2.17292488872
405,1.79110580672,1.73781899892,1.07279593119,2.42043673241,2.39917850628,2.17480127587
406,1.79545594317,1.74255375661,1.07766351109,2.41936085722,2.40386620872,2.17755189572
407,1.79905138325,1.74841184846,1.07792937218,2.42105794561,2.40486714554,2.18592526864
408,1.79911906913,1.7534722922,1.07780566026,2.42333739172,2.40602853186,2.18930620157
409,1.80295391337,1.75908272162,1.08175940627,2.42158880411,2.40913268365,2.19008212316
410,1.80494581373,1.76437142447,1.08227445849,2.42356296352,2.40965333445,2.19261270014
411,1.80486485741,1.76782491278,1.0822413068,2.42389298196,2.41030262241,2.19868860992
412,1.80422638825,1.76797544269,1.08594413421,2.42453108446,2.41178260049,2.19981568723
413,1.80253974037,1.76994460152,1.08686171469,2.42529496662,2.41409558452,2.20507322864
414,1.80190991388,1.77390749898,1.08467568781,2.42823819278,2.41454446296,2.20889690938
415,1.79793980126,1.77660508758,1.08271605179,2.43296318411,2.4192770529,2.20881111874
416,1.79505988387,1.77843888768,1.08465434771,2.43500114854,2.42312148121,2.21188712276
417,1.79346910738,1.77834773173,1.08636689346,2.4381704536,2.42410795104,2.20809180479
418,1.7920672676,1.78103674318,1.08656969688,2.44005995094,2.42979095524,2.2062473883
419,1.78962554763,1.77925324351,1.08875556573,2.44397214587,2.43536518057,2.20200494229
420,1.7861379519,1.77934438669,1.09032636507,2.44934960983,2.43837264172,2.19872925133
421,1.77904508727,1.7815377705,1.09136251001,2.44969252126,2.43793732275,2.19427982479
422,1.77275061817,1.77860341779,1.09477132193,2.45217768545,2.43553399294,2.19016525471
423,1.76281011766,1.77323135693,1.09622502573,2.45370389261,2.43241036104,2.1842888071
424,1.75912767019,1.76962005436,1.09886747309,2.45680315916,2.43192162607,2.17831923582
425,1.75469626355,1.77146013518,1.0991062926,2.45755702555,2.42992652587,2.17274298625
426,1.74773699234,1.77571799152,1.10145789044,2.45898555534,2.42805038935,2.17171550151
427,1.7438620148,1.77144991781,1.10406150222,2.45937114718,2.42385305163,2.16587737477
428,1.73570102971,1.76572762674,1.10503449579,2.45898412363,2.41994964372,2.1555404831
429,1.72906786782,1.76170748537,1.10567893402,2.45708901568,2.41030833316,2.14088035184
430,1.71982682936,1.75506045251,1.10515274035,2.4511478205,2.40563511313,2.13208018324
431,1.71007645537,1.75077049957,1.10493017758,2.44752710293,2.39665936897,2.12266832882
432,1.70263093286,1.74655951209,1.10441660075,2.44564966536,2.38680508308,2.10995870285
433,1.69181667714,1.74063728414,1.10365489492,2.44534098495,2.37541840946,2.09924268855
434,1.68551492317,1.73340851955,1.1051151931,2.4422788716,2.36514319042,2.08881677448
435,1.67104805478,1.72550317696,1.10700628077,2.43882639427,2.34971909228,2.07887132816
436,1.66234034687,1.71981098903,1.11078286799,2.43801378973,2.33405707634,2.06427578682
437,1.65383564025,1.71221851784,1.11410115606,2.43593043329,2.31987933381,2.04952163879
438,1.63875610174,1.70538900668,1.11279037118,2.43324266389,2.30445538026,2.03211293077
439,1.62614754623,1.69693346772,1.11221316458,2.43037520274,2.29374231279,2.01599646921
440,1.61206920312,1.68602583228,1.11474050321,2.42682039412,2.27626784879,1.99557496878
441,1.59666703772,1.68076813484,1.11569997591,2.4262617252,2.26292293818,1.9772395478
442,1.58471555492,1.67197849805,1.1172244724,2.42129673182,2.24665974057,1.96615879642
443,1.57259846026,1.66659404028,1.11528992038,2.41592256761,2.2310051097,1.95181517009
444,1.55879358316,1.66027321887,1.1130771953,2.40690408978,2.20771100459,1.93604352004
445,1.54393142307,1.65042977856,1.11110290176,2.39790981867,2.18908694226,1.91834049076
446,1.52473648983,1.64203013057,1.110556562,2.39457297578,2.17467693702,1.8976528101
447,1.50906444521,1.63351871859,1.10931730145,2.39181805676,2.15990880554,1.87710823261
448,1.50046753042,1.62183098887,1.10761708423,2.38267386118,2.13421869205,1.85717394775
449,1.48328478214,1.6106859767,1.10328427242,2.37306728162,2.11963401243,1.83569597142
450,1.46622220453,1.60029056131,1.1008430844,2.36393544468,2.10333558841,1.8171836535
451,1.44896693133,1.59511436893,1.09798661511,2.35206739133,2.08505293147,1.80211942686
452,1.4411671319,1.58557281625,1.09559539976,2.3441747014,2.06266956606,1.7806423692
453,1.4257287976,1.57067336599,1.09214173787,2.33742161924,2.03928927719,1.75821751895
454,1.41405971219,1.55586889182,1.08916308441,2.32967641327,2.01841721408,1.73630198326
455,1.40243575972,1.53890503557,1.08433019891,2.31945967858,1.99593560387,1.71512375308
456,1.38814554843,1.52921079683,1.07898721251,2.31037877709,1.97202803779,1.69685214642
457,1.3701479159,1.51807629776,1.07579176595,2.30235160675,1.94799740415,1.67591289768
458,1.35137994496,1.50671851328,1.07397762152,2.28680569103,1.92551921258,1.65396149568
459,1.33294206106,1.49261792219,1.07135395414,2.27373692785,1.90138974259,1.63304229404
460,1.31622624609,1.47976474884,1.06694909118,2.26472065052,1.87578912184,1.61344991835
461,1.29957033352,1.46724578424,1.06098314661,2.25314968004,1.84927065048,1.5955451517
462,1.28405764929,1.45605259843,1.05674185909,2.24174113287,1.82976630491,1.57247838678
463,1.26421821929,1.44303379653,1.05286185744,2.23125110523,1.8082202652,1.55407341932
464,1.24762149534,1.42289364663,1.04760414919,2.22062407461,1.78631197116,1.53408010169
465,1.22705056386,1.41056496631,1.04501318626,2.2082559152,1.76269338798,1.51169599943
466,1.20606697331,1.39855070497,1.04310905128,2.19511670072,1.73685762925,1.48884535276
467,1.17915462863,1.38121129733,1.04044294896,2.1843578887,1.71194181265,1.46900923229
468,1.16123606859,1.36792419932,1.0375921194,2.17537300696,1.69164871614,1.45026325989
469,1.14663105558,1.35106997362,1.03458592299,2.15609790844,1.66773282292,1.43135866842
470,1.13832558961,1.3353622271,1.03377549294,2.14245707817,1.64750913044,1.4126658005
471,1.12307063732,1.31299548936,1.02766767917,2.1296352524,1.62657734663,1.39562804785
472,1.10186412636,1.29898747115,1.02378019437,2.10905981579,1.60132591036,1.37832347318
473,1.08277857743,1.28067280741,1.02215894819,2.09920906731,1.5815841561,1.35359241706
474,1.06911468313,1.26070663188,1.01586111222,2.08241838741,1.56067326508,1.33008947674
475,1.05807431644,1.24200434279,1.01196456547,2.06549981085,1.54243700689,1.31026455474
476,1.04337577124,1.23076982733,1.00903837823,2.04728314826,1.51698280088,1.28930925541
477,1.03314181552,1.22332595112,1.00512522125,2.02957603678,1.49094494516,1.27146575887
478,1.02371323068,1.21224009502,1.00187732135,2.01258953552,1.46188318625,1.25348364003
479,1.02245469114,1.20684682077,0.995309451959,1.99662360652,1.4360032898,1.23962406816
480,1.01932261514,1.19900314419,0.987506081441,1.97869227613,1.40937242603,1.22928915168
481,1.02804984971,1.1961843414,0.979839557362,1.961876432,1.38104844533,1.21801196963
482,1.04134386783,1.1943135166,0.975019466652,1.94115515187,1.35334126887,1.21101272943
483,1.05359341556,1.2009847858,0.969024402475,1.92677736029,1.33054506876,1.20504247708
484,1.07647263437,1.21268481199,0.963220502766,1.90871062933,1.30598353094,1.20225034504
485,1.1132587412,1.23046803907,0.958015273829,1.89139679692,1.28037830671,1.19978110071
486,1.15021120451,1.25402056056,0.952693115083,1.86876673412,1.26086571524,1.20468656041
487,1.19431008598,1.27824281639,0.946633539961,1.84659200837,1.23454642576,1.2226157033
488,1.23422467198,1.30319589695,0.939959324229,1.83108041142,1.21641332952,1.24253669829
489,1.28507039818,1.33380668375,0.932986417716,1.81925656323,1.20384573554,1.25955017831
490,1.33491695387,1.37027122741,0.926050951389,1.80440821167,1.20205761683,1.288015443
491,1.40975992588,1.41530286069,0.919643867594,1.79227613311,1.19702792144,1.33020717238
492,1.47748260958,1.46157221009,0.91407304173,1.78411794413,1.20429360816,1.3705651083
493,1.5382107591,1.51183555724,0.907873671738,1.77666316333,1.21335617104,1.42151871884
494,1.61363147476,1.56448226368,0.904760214927,1.779238834,1.22483301369,1.47581387706
495,1.70576281028,1.63187383123,0.902666590481,1.77779707658,1.25086323396,1.54069109882
496,1.80763252543,1.70331558404,0.899456519899,1.7837060015,1.28871230753,1.61320118853
497,1.91629854371,1.76818512231,0.898160034428,1.79434041159,1.32683946022,1.70646038815
498,2.01580020363,1.84494065067,0.898473909691,1.81492922294,1.37410077285,1.7875159464
499,2.12947563874,1.93029984775,0.898609645617,1.83861297901,1.42553218614,1.87056852925
500,2.24930493888,2.02109213796,0.899091600772,1.87386653077,1.48534774679,1.97155395586
501,2.37915004564,2.10388334197,0.902401090424,1.90959069036,1.5574425274,2.08498540136
502,2.51690186607,2.1962452345,0.905651437392,1.95748319463,1.63924632971,2.17503937401
503,2.64459486976,2.2868866651,0.910385039011,2.01458482232,1.73273928976,2.30323698201
504,2.80244713439,2.39281779246,0.917936250377,2.07839894762,1.84272663143,2.44257319114
505,2.94894424484,2.48516449163,0.924377740349,2.14130436846,1.95549957087,2.58772217241
506,3.10124324631,2.59370494424,0.933890006998,2.21495108763,2.07766402942,2.74616749597
507,3.25445301537,2.69856689445,0.948798794585,2.28944025574,2.20599829509,2.91699241479
508,3.40122285225,2.7971501923,0.963040275213,2.38214819715,2.35239807196,3.09082811496
509,3.55996028143,2.91665675596,0.982131958833,2.48781787937,2.50506829632,3.26814665873
510,3.71584934861,3.04241138404,1.00391758934,2.57945150704,2.6618188774,3.44965244997
511,3.89084607024,3.18035017161,1.02898020586,2.69224946805,2.8368572724,3.63539609278
512,4.06562476277,3.31748478404,1.05576824559,2.80961855854,3.01601573424,3.85363000258
513,4.24257806006,3.44540649735,1.08297520607,2.94587031738,3.2154082073,4.06635245399
514,4.39755007046,3.58235775691,1.11451284511,3.09692983192,3.44434312495,4.27914829174
515,4.55984847531,3.71783672011,1.14584624863,3.244586612,3.67436831006,4.50586163163
516,4.73261543464,3.84847080868,1.18416858938,3.38342948472,3.90324065448,4.72834185176
517,4.87914561896,4.00040120488,1.22495720467,3.54909816885,4.16456497361,4.93669174856
518,4.99994659871,4.12696492918,1.27730775897,3.70499247576,4.41309835341,5.18941069621
519,5.16130665324,4.25747571378,1.32386207713,3.86241548685,4.67034975535,5.40740729438
520,5.30811256509,4.3870377297,1.38157274846,4.02773985736,4.93067351119,5.64001446244
521,5.43714330373,4.5286923657,1.44467845905,4.19338632058,5.22436564936,5.89435530188
522,5.57876741246,4.64937735544,1.50674954387,4.38103443014,5.49366468905,6.11929409574
523,5.71601678871,4.77095538588,1.57390253633,4.5635816423,5.77996690992,6.34687288905
524,5.85293856382,4.89545605203,1.64630452201,4.75260823597,6.06830180058,6.59037903172
525,5.97014475216,5.00430022572,1.71893016667,4.94845345941,6.34626944197,6.84891633795
526,6.07410633257,5.09447938931,1.80240627915,5.15865487498,6.60867802522,7.07970689664
527,6.15905399342,5.18990971557,1.88718565294,5.34682002849,6.87405824754,7.26542899209
528,6.25810545985,5.27523120756,1.96954025754,5.55225779756,7.16144359179,7.4947378959
529,6.33589733956,5.37451850611,2.04544730557,5.75589000426,7.42817846488,7.663440928
530,6.41649489666,5.45594676869,2.11877033811,5.9494640555,7.70199006279,7.82195975642
531,6.4805055465,5.52226342199,2.20466238064,6.1549984644,7.94096294032,8.05509201952
532,6.53312474834,5.57961176437,2.29086778346,6.35041122625,8.24401031743,8.21117003493
533,6.55872128012,5.63900667916,2.38375229301,6.56353700143,8.49629735878,8.37813043874
534,6.61237348231,5.67467091397,2.46826260924,6.75220301229,8.73909625968,8.538573305
535,6.64528609733,5.72368001933,2.55050144625,6.95609087647,8.96528045168,8.7272548367
536,6.61036162534,5.77928319096,2.64966175157,7.1428894735,9.17217142945,8.8356592852
537,6.58438859763,5.81522590704,2.73578880669,7.31811072827,9.39950787721,8.90988108377
538,6.55605882397,5.84437743058,2.82668728051,7.48497180978,9.58543212816,9.0118376129
539,6.55946831151,5.86069899035,2.92940991169,7.65274579687,9.82124087814,9.06714353705
540,6.591400926,5.86429396912,3.01227836122,7.78492476665,10.0138136501,9.11421874664
541,6.55139830478,5.86630716752,3.07825472353,7.94160603906,10.1563414338,9.13168087303
542,6.49834321459,5.84746492466,3.15738105885,8.08439320612,10.3043465849,9.1534516963
543,6.44296798558,5.84002608505,3.24406725103,8.19754634073,10.4525445351,9.1602287203
544,6.38858852864,5.81557545353,3.31713944703,8.30670063,10.5313224716,9.13464841809
545,6.33543438417,5.77352493032,3.39844883437,8.40571799927,10.6375117411,9.10306005426
546,6.25429276027,5.73876747198,3.46113233408,8.50229713215,10.6955095495,9.06104260711
547,6.14112249049,5.70040643973,3.528917167,8.55965970422,10.7485184567,8.98863553015
548,6.01461228024,5.63877892369,3.59078387262,8.61444199658,10.8175817486,8.9099318541
549,5.85746689834,5.54408335477,3.64791982872,8.66657579619,10.8098934846,8.80620199093
550,5.75342928373,5.47325598868,3.69779814201,8.71892494859,10.8138721577,8.70666609714
551,5.59758209782,5.39016388912,3.74330024108,8.74674900411,10.7487087351,8.58958509554
552,5.4516034669,5.28998136023,3.79568874808,8.75096533445,10.7271790327,8.46840108889
553,5.32709210031,5.20396186559,3.84075035523,8.75273584879,10.6980229628,8.35073761843
554,5.1665214744,5.09889645741,3.88631154973,8.73275635318,10.6113934666,8.20376366829
555,5.03491834184,4.97971999389,3.91846046307,8.70103553417,10.5532161846,8.03839135845
556,4.86728400404,4.88308997919,3.9556128564,8.67287846838,10.4540231652,7.83252673897
557,4.71622001799,4.77147226349,3.98008594698,8.64197403148,10.2577320533,7.66622707934
558,4.58081845667,4.65402811889,4.00887901008,8.57388769062,10.1205325551,7.51765103701
559,4.43159085357,4.53395381571,4.02843645348,8.50468982528,9.93276323825,7.27844600258
560,4.26460100174,4.40558626831,4.03688496144,8.4364658449,9.80260212492,7.076702688
561,4.11393330869,4.27047994527,4.02828017554,8.37312112047,9.63549625356,6.87683599883
562,3.98318165314,4.14983793704,4.02656476768,8.29357626078,9.46089420768,6.64581555763
563,3.83453984901,4.02687502549,4.01992893552,8.19084657414,9.22712889876,6.44204604211
564,3.69465639392,3.91228753741,4.01608902024,8.06896192334,8.97660542659,6.21973911022
565,3.55676418628,3.81428286019,3.98739097938,7.90890156948,8.76016123539,5.99781273623
566,3.42528922307,3.70481123838,3.964587136,7.77312064612,8.52610863516,5.76249981378
567,3.30633878874,3.61510613202,3.93471384862,7.64477946587,8.27114483046,5.54576539503
568,3.15914519565,3.50934597577,3.89848594739,7.47591859517,8.06578477117,5.33449431638
569,3.05152222644,3.39337908272,3.86564594893,7.31564735636,7.800273239,5.12301424716
570,2.93936440653,3.29059034047,3.83114956838,7.15222004154,7.52937627453,4.90814871273
571,2.82536185386,3.18020802771,3.79629313564,6.98167888606,7.25711301519,4.65873118229
572,2.71057644979,3.08139261776,3.75688233721,6.83348924334,6.99391079941,4.44111828218
573,2.61300033665,2.98940089967,3.69544625887,6.65127445153,6.73355670344,4.21727768818
574,2.49073464341,2.88179972152,3.63577853492,6.46229007653,6.45619417041,4.00924269553
575,2.39349090205,2.78217227825,3.56861703008,6.26726683672,6.20147930993,3.8181362224
576,2.32405148373,2.69841546497,3.49356661796,6.09797847317,5.95489661306,3.63704322506
577,2.22223932984,2.59352969454,3.42807206985,5.92640659611,5.72079428868,3.46250768643
578,2.14136393281,2.50958637709,3.36987277873,5.74350649028,5.4470364561,3.29667977153
579,2.06164597833,2.43043863414,3.3046090025,5.56548543002,5.18406236766,3.12992360355
580,1.97555880757,2.34554216295,3.22222270456,5.38713389825,4.94550034991,2.97930063163
581,1.89444658148,2.27130106838,3.14253617253,5.19697919945,4.71369453362,2.84490313348
582,1.83422272053,2.20082933204,3.0654349161,5.04499896477,4.46835449702,2.70002025107
583,1.76849219487,2.14021152845,2.98539540285,4.86297373807,4.26932846317,2.57271165592
584,1.71387539884,2.07900474215,2.88878221127,4.7047336178,4.06559086466,2.45337849664
585,1.67338268258,2.01053595926,2.80842856869,4.53697096752,3.84307283196,2.32929116727
586,1.62061243752,1.93880669652,2.72541156408,4.38303621614,3.64948771935,2.23007362339
587,1.5920346774,1.88933219379,2.64151829853,4.22193728399,3.48722678764,2.13425377458
588,1.56414033948,1.8481334756,2.56507116183,4.10353950972,3.28867243082,2.03955041716
589,1.53700925465,1.81182592848,2.49208442107,3.97459636322,3.12871817502,1.95833361269
590,1.50629370701,1.77027094977,2.418813408,3.8593223045,2.98069489368,1.88164018867
591,1.48946535582,1.72998003387,2.33358984159,3.72297955659,2.82528486594,1.82384672509
592,1.47029832048,1.69906936694,2.25573546117,3.58760885647,2.69467491988,1.76145562022
593,1.45811092362,1.67019884934,2.19457273368,3.47623186196,2.57314707334,1.70908391587
594,1.45131252409,1.64807864421,2.12460457431,3.35319860029,2.4736908845,1.66548481536
595,1.44832490311,1.62894724125,2.05670014219,3.23841097098,2.36298018532,1.6159971277
596,1.44445113002,1.61591034767,1.98785546635,3.14274340283,2.26852395291,1.58235259154
597,1.44010518769,1.59468806106,1.91865144893,3.05363030938,2.17147325205,1.54979091068
598,1.43930442697,1.58196308305,1.85823626384,2.97689291283,2.07726629465,1.52118759047
599,1.45313878723,1.56875753911,1.80338912554,2.90050651642,2.013073108,1.4958202395
600,1.46352814016,1.56321855125,1.74845175995,2.82967569606,1.94167378138,1.47892463091
601,1.47032766426,1.561602973,1.69634391087,2.7625612509,1.87208172499,1.46630313504
602,1.48356130199,1.56451753719,1.64817182529,2.69957862202,1.80525057937,1.46922256275
603,1.50330096571,1.56633437639,1.60255697974,2.64618687393,1.76346181346,1.46745844632
604,1.51736423497,1.5738807706,1.55437765278,2.59554296082,1.71722131934,1.46086057447
605,1.53220672003,1.57549721582,1.51562525751,2.55420789573,1.67699672726,1.46319451786
606,1.54696337934,1.57992137675,1.47597093487,2.52238805062,1.63243811701,1.47160969721
607,1.56338285442,1.5891714506,1.44500742689,2.48931438033,1.60390053274,1.48423063142
608,1.57851973389,1.59565642988,1.4150534001,2.45751788119,1.57656307889,1.49566791504
609,1.59747698262,1.60533456108,1.38800109399,2.43537046848,1.55769817586,1.5093832986
610,1.61958532914,1.61139497651,1.36096830223,2.40910337654,1.55133876233,1.522620655
611,1.63926997565,1.62042261204,1.33222787422,2.38527453466,1.5475147238,1.54638354124
612,1.6597718032,1.63083445603,1.30486718983,2.37137769974,1.53628499107,1.56920303518
613,1.68566077903,1.64587994427,1.28691014216,2.36255662636,1.53084359617,1.59155233993
614,1.71173230036,1.66018586947,1.27273114614,2.35341354406,1.52784941354,1.61575015452
615,1.7352412969,1.67611497148,1.25458366074,2.3456468422,1.53684387189,1.63497266453
616,1.75570231717,1.68828527,1.23847970576,2.32914183328,1.55016489963,1.66539560443
617,1.77764157625,1.70592765497,1.22308637034,2.3221852429,1.55953159514,1.69554193487
618,1.80537356388,1.72140443269,1.21142333031,2.32385078496,1.57961224946,1.72279596603
619,1.8311335039,1.73665723992,1.20156894129,2.32066329823,1.59222794695,1.74885967931
620,1.8566312087,1.75085932762,1.18760269173,2.32349836854,1.6087528431,1.77511439472
621,1.87906437553,1.76997043076,1.17686348709,2.32789490879,1.62988771634,1.80542641753
622,1.91036267495,1.78588665449,1.17546969056,2.32552174939,1.64936412434,1.83808366803
623,1.93440754674,1.80839083141,1.16933158016,2.33240845084,1.6725921445,1.86881919639
624,1.95942396377,1.83299775208,1.16501504904,2.33890436384,1.69062139221,1.89699336282
625,1.98912908078,1.85517960047,1.16280097072,2.34525170119,1.70894433696,1.92641211501
626,2.01646673884,1.87748667772,1.15910417351,2.34960611582,1.73560800065,1.95909413134
627,2.04620592337,1.89333737405,1.15583177633,2.35976685401,1.76826607111,1.99306835687
628,2.0775634684,1.91859569159,1.15593366142,2.3740606453,1.79547895512,2.02374297822
629,2.10361062036,1.93565027667,1.15310142623,2.38586373462,1.83195434717,2.0627019328
630,2.13349251633,1.95525835302,1.15855435081,2.39605346863,1.85597112135,2.09196241639
631,2.16300258147,1.97391680981,1.16103407359,2.40710658141,1.88750721938,2.12545698407
632,2.19567037813,1.99152818263,1.1635840619,2.42282271619,1.91804271137,2.15035884791
633,2.22575062265,2.00724689837,1.16561186862,2.43972670617,1.95059080484,2.17859877229
634,2.26429835411,2.02860903179,1.17330871416,2.45966973885,1.98951999883,2.2171643913
635,2.29578713523,2.05304470413,1.18135130988,2.48186785999,2.02410308069,2.25338070468
636,2.33098704034,2.073138899,1.18521339103,2.49945170046,2.05701751237,2.28547596437
637,2.35985752781,2.09899913981,1.19653504232,2.5181225169,2.09678104874,2.31945886961
638,2.39298171983,2.12103607955,1.20497592205,2.53483800156,2.13040201246,2.34809206406
639,2.41965882594,2.15685150839,1.21260121583,2.55824526551,2.17179680074,2.37953679468
640,2.44854118533,2.17520209828,1.21991313281,2.58169454178,2.21688222478,2.41878860757
641,2.48277040618,2.20722643017,1.22851592856,2.60425970199,2.24960102481,2.45839543257
642,2.51119997748,2.23004749246,1.23689297889,2.62539419748,2.29441702696,2.49102613116
643,2.53966947289,2.25229792845,1.249342725,2.64831666465,2.33070213828,2.5093709647
644,2.56553967885,2.27234839424,1.25928138903,2.6727630009,2.36762677936,2.54728229688
645,2.59423326134,2.2951850402,1.27312146812,2.69816674639,2.41161504185,2.58498481441
646,2.62521715641,2.31664407323,1.28710692251,2.72170467793,2.45217723805,2.61161004085
647,2.65295886062,2.33930797467,1.29796594287,2.74477106438,2.49013455566,2.64459724145
648,2.68026560158,2.36977396546,1.30723152571,2.76683452054,2.53526867859,2.68474005828
649,2.71008810842,2.39661077459,1.32019776297,2.79584295132,2.58411200267,2.726123961
650,2.74738076009,2.42220300665,1.32518008871,2.82126344903,2.62082430568,2.75561880738
651,2.77506802366,2.45322748776,1.33662461555,2.85052606343,2.65698934006,2.7932891961
652,2.79996063101,2.47806865731,1.34751955826,2.88205994485,2.69589210619,2.83497173263
653,2.82474046836,2.50150081717,1.3583152923,2.91305657347,2.74257060815,2.86656750386
654,2.85230129765,2.52643160548,1.36857116798,2.94151077347,2.77921756181,2.9021613561
655,2.88105619152,2.54808766453,1.38145192567,2.97115214704,2.82907905387,2.93777314599
656,2.9024934935,2.57228878034,1.39491704455,2.99312357623,2.87363395777,2.96751480919
657,2.92613644932,2.60002030891,1.4107855131,3.01931793623,2.92126124109,3.00190712523
658,2.9596887378,2.62119117647,1.42309289359,3.04556449351,2.96163650611,3.03383769634
659,2.99407200009,2.6468152242,1.43205076153,3.07670038058,2.99812108991,3.06365696951
660,3.02287645492,2.66809758455,1.44639851244,3.09986019808,3.03488357585,3.09729261073
661,3.04667039076,2.69583910657,1.45998678126,3.13051813144,3.07555423372,3.1297544082
662,3.07147366664,2.72493856309,1.47346813687,3.16167246747,3.11830269596,3.16390903269
663,3.10098502016,2.75012966469,1.49207418419,3.19011716905,3.16321410765,3.19527390557
664,3.13644020234,2.77172219523,1.50343467334,3.22072030928,3.19952047418,3.23016395815
665,3.1641331626,2.79333189309,1.52092705286,3.24850767356,3.23611979628,3.27012446798
666,3.18622816092,2.8168762574,1.53185504233,3.27643537138,3.27449816054,3.30417263024
667,3.2147070106,2.84233407593,1.54400681822,3.30484932069,3.31414459781,3.33613283473
668,3.24868256737,2.86561970345,1.55489395231,3.33359972129,3.34921081674,3.37301992638
669,3.27735859869,2.8898110498,1.56810146861,3.3635689587,3.38768327407,3.40702439731
670,3.29895392694,2.91590473534,1.58277946235,3.39214814556,3.42419171116,3.43760335778
671,3.32270635416,2.93954145151,1.59597954002,3.42225745208,3.46169366211,3.47080829471
672,3.35186245642,2.96354006352,1.60803068451,3.45024358738,3.49753180276,3.50667855373
673,3.38000300381,2.99093409172,1.62072611326,3.47838964123,3.54012260815,3.54202391118
674,3.40915565079,3.01622874829,1.63375221697,3.50909948148,3.58279492182,3.57330245909
675,3.43834407289,3.04132378877,1.64571640128,3.53817484814,3.62469678205,3.60224569533
676,3.46802540213,3.06735314886,1.66357311871,3.56076739885,3.65358416111,3.63247906689
677,3.49768901398,3.09047286862,1.67766529203,3.59194319696,3.68379108514,3.65934775334
678,3.52721167555,3.1073144595,1.69168960232,3.62303960881,3.71216315645,3.68152967379
679,3.54564794926,3.12990602534,1.70837019157,3.65642701612,3.75278272162,3.70941877342
680,3.57330903862,3.15225175323,1.72000804627,3.6817841455,3.78941581871,3.73585170954
681,3.597854591,3.17473045346,1.73253519501,3.70911745743,3.82452390751,3.77076000288
682,3.62104841166,3.20399316755,1.74841347208,3.73904432494,3.86781162537,3.79712206176
683,3.64463987263,3.22813550965,1.77160750281,3.76973785956,3.90368534112,3.82616287977
684,3.67478610154,3.25030205851,1.78327616973,3.79766193458,3.93738574623,3.85585977461
685,3.7088459701,3.27167327142,1.79495736608,3.82483325263,3.97220195759,3.8842250413
686,3.74064456229,3.29549685744,1.80585322431,3.85510442745,4.00504516559,3.91005030973
687,3.77097437705,3.32415729877,1.82011289363,3.89132644337,4.03966052914,3.93601061872
688,3.80011626381,3.35134093792,1.83404474354,3.92363779554,4.07451170838,3.96303788667
689,3.82869706009,3.38159759575,1.84620364701,3.95563178532,4.10391254794,3.99251261135
690,3.84928537506,3.41018480022,1.85564759924,3.98779213091,4.13627956607,4.02510916589
691,3.86648911291,3.43819585249,1.86815100511,4.01525943796,4.16922819352,4.05275596872
692,3.88767805622,3.4577434348,1.88046098673,4.05029824319,4.19946070822,4.08298247203
693,3.91606923645,3.48378243655,1.89161424389,4.08737646779,4.23108312864,4.11655638421
694,3.94143484334,3.50955412531,1.90476371918,4.12072919114,4.26067835819,4.15002608693
695,3.96699103028,3.53269046312,1.91542352803,4.14898244344,4.29316800682,4.17866243059
696,3.99135963548,3.54976846326,1.93201213091,4.18199030199,4.32378915664,4.20918598226
697,4.01777916017,3.57037161016,1.94369772451,4.2089237318,4.35021658072,4.23735677452
698,4.04039536679,3.59502296882,1.95849986878,4.23771163207,4.38485605616,4.25937540056
699,4.06352197321,3.62086290776,1.96766560063,4.26839597989,4.42168601066,4.29067875359
700,4.08682233631,3.64478945868,1.97999865877,4.30767899612,4.45704145064,4.32107877808
